transaction_id,created_at,created_date,created_time,total_amount,item_count,items,is_synced,is_holiday
TXN-20260318-172637-9369,2026-03-18T17:26:37.89+00:00,2026-03-18,17:26:37,350.0,5,"[{'soldAt': '2026-03-18T17:26:37.890', 'fruitId': 'apple_poland', 'soldDate': '2026-03-18', 'soldTime': '17:26:37', 'createdAt': '2026-03-18T17:26:28.536', 'fruitName': 'Apple Poland', 'imagePath': 'assets/fruits/apple-poland.jpg', 'lineTotal': 110, 'unitPrice': 220, 'updatedAt': '2026-03-18T17:26:28.536', 'quantityKg': 0.5, 'updatedDate': '2026-03-18', 'updatedTime': '17:26:28'}, {'soldAt': '2026-03-18T17:26:37.890', 'fruitId': 'apple_washington', 'soldDate': '2026-03-18', 'soldTime': '17:26:37', 'createdAt': '2026-03-18T17:26:29.511', 'fruitName': 'Apple Washington', 'imagePath': 'assets/fruits/apple-washington.jpg', 'lineTotal': 90, 'unitPrice': 180, 'updatedAt': '2026-03-18T17:26:29.511', 'quantityKg': 0.5, 'updatedDate': '2026-03-18', 'updatedTime': '17:26:29'}, {'soldAt': '2026-03-18T17:26:37.890', 'fruitId': 'papaya', 'soldDate': '2026-03-18', 'soldTime': '17:26:37', 'createdAt': '2026-03-18T17:26:33.440', 'fruitName': 'Papaya', 'imagePath': 'assets/fruits/papaya.jpg', 'lineTotal': 25, 'unitPrice': 50, 'updatedAt': '2026-03-18T17:26:33.440', 'quantityKg': 0.5, 'updatedDate': '2026-03-18', 'updatedTime': '17:26:33'}, {'soldAt': '2026-03-18T17:26:37.890', 'fruitId': 'orange_citrus', 'soldDate': '2026-03-18', 'soldTime': '17:26:37', 'createdAt': '2026-03-18T17:26:34.161', 'fruitName': 'Orange Citrus', 'imagePath': 'assets/fruits/orange-citrus.jpg', 'lineTotal': 60, 'unitPrice': 120, 'updatedAt': '2026-03-18T17:26:34.161', 'quantityKg': 0.5, 'updatedDate': '2026-03-18', 'updatedTime': '17:26:34'}, {'soldAt': '2026-03-18T17:26:37.890', 'fruitId': 'orange_nagpur', 'soldDate': '2026-03-18', 'soldTime': '17:26:37', 'createdAt': '2026-03-18T17:26:36.810', 'fruitName': 'Nagpur Orange', 'imagePath': 'assets/fruits/orange-nagpur.jpg', 'lineTotal': 65, 'unitPrice': 130, 'updatedAt': '2026-03-18T17:26:36.810', 'quantityKg': 0.5, 'updatedDate': '2026-03-18', 'updatedTime': '17:26:36'}]",False,False
TXN-20260318-172742-9264,2026-03-18T17:27:42.441+00:00,2026-03-18,17:27:42,90.0,1,"[{'soldAt': '2026-03-18T17:27:42.441', 'fruitId': 'apple_washington', 'soldDate': '2026-03-18', 'soldTime': '17:27:42', 'createdAt': '2026-03-18T17:27:40.907', 'fruitName': 'Apple Washington', 'imagePath': 'assets/fruits/apple-washington.jpg', 'lineTotal': 90, 'unitPrice': 180, 'updatedAt': '2026-03-18T17:27:40.907', 'quantityKg': 0.5, 'updatedDate': '2026-03-18', 'updatedTime': '17:27:40'}]",False,False
TXN-20260318-172751-7902,2026-03-18T17:27:51.175+00:00,2026-03-18,17:27:51,165.0,2,"[{'soldAt': '2026-03-18T17:27:51.175', 'fruitId': 'banana_big', 'soldDate': '2026-03-18', 'soldTime': '17:27:51', 'createdAt': '2026-03-18T17:27:46.584', 'fruitName': 'Banana', 'imagePath': 'assets/fruits/big-banana.jpeg', 'lineTotal': 30, 'unitPrice': 60, 'updatedAt': '2026-03-18T17:27:46.584', 'quantityKg': 0.5, 'updatedDate': '2026-03-18', 'updatedTime': '17:27:46'}, {'soldAt': '2026-03-18T17:27:51.175', 'fruitId': 'banana_yelakki', 'soldDate': '2026-03-18', 'soldTime': '17:27:51', 'createdAt': '2026-03-18T17:27:45.785', 'fruitName': 'Yelakki Banana', 'imagePath': 'assets/fruits/yelakki-banana.jpg', 'lineTotal': 135, 'unitPrice': 90, 'updatedAt': '2026-03-18T17:27:50.079', 'quantityKg': 1.5, 'updatedDate': '2026-03-18', 'updatedTime': '17:27:50'}]",False,False
TXN-20260318-172759-3625,2026-03-18T17:27:59.017+00:00,2026-03-18,17:27:59,85.0,2,"[{'soldAt': '2026-03-18T17:27:59.017', 'fruitId': 'papaya', 'soldDate': '2026-03-18', 'soldTime': '17:27:59', 'createdAt': '2026-03-18T17:27:57.156', 'fruitName': 'Papaya', 'imagePath': 'assets/fruits/papaya.jpg', 'lineTotal': 25, 'unitPrice': 50, 'updatedAt': '2026-03-18T17:27:57.156', 'quantityKg': 0.5, 'updatedDate': '2026-03-18', 'updatedTime': '17:27:57'}, {'soldAt': '2026-03-18T17:27:59.017', 'fruitId': 'orange_citrus', 'soldDate': '2026-03-18', 'soldTime': '17:27:59', 'createdAt': '2026-03-18T17:27:53.749', 'fruitName': 'Orange Citrus', 'imagePath': 'assets/fruits/orange-citrus.jpg', 'lineTotal': 60, 'unitPrice': 120, 'updatedAt': '2026-03-18T17:27:53.749', 'quantityKg': 0.5, 'updatedDate': '2026-03-18', 'updatedTime': '17:27:53'}]",False,False
TXN-20260318-172812-7038,2026-03-18T17:28:12.064+00:00,2026-03-18,17:28:12,430.0,6,"[{'soldAt': '2026-03-18T17:28:12.064', 'fruitId': 'grapes_green', 'soldDate': '2026-03-18', 'soldTime': '17:28:12', 'createdAt': '2026-03-18T17:28:01.851', 'fruitName': 'Green Grapes', 'imagePath': 'assets/fruits/grapes-green.jpg', 'lineTotal': 45, 'unitPrice': 90, 'updatedAt': '2026-03-18T17:28:01.851', 'quantityKg': 0.5, 'updatedDate': '2026-03-18', 'updatedTime': '17:28:01'}, {'soldAt': '2026-03-18T17:28:12.064', 'fruitId': 'grapes_green_seedless', 'soldDate': '2026-03-18', 'soldTime': '17:28:12', 'createdAt': '2026-03-18T17:28:04.174', 'fruitName': 'Seedless Green Grapes', 'imagePath': 'assets/fruits/grapes-green-seedless.jpg', 'lineTotal': 55, 'unitPrice': 110, 'updatedAt': '2026-03-18T17:28:04.174', 'quantityKg': 0.5, 'updatedDate': '2026-03-18', 'updatedTime': '17:28:04'}, {'soldAt': '2026-03-18T17:28:12.064', 'fruitId': 'grapes_black', 'soldDate': '2026-03-18', 'soldTime': '17:28:12', 'createdAt': '2026-03-18T17:28:03.483', 'fruitName': 'Black Grapes', 'imagePath': 'assets/fruits/grapes-black.jpg', 'lineTotal': 50, 'unitPrice': 100, 'updatedAt': '2026-03-18T17:28:03.483', 'quantityKg': 0.5, 'updatedDate': '2026-03-18', 'updatedTime': '17:28:03'}, {'soldAt': '2026-03-18T17:28:12.064', 'fruitId': 'grapes_black_seedless', 'soldDate': '2026-03-18', 'soldTime': '17:28:12', 'createdAt': '2026-03-18T17:28:06.038', 'fruitName': 'Seedless Black Grapes', 'imagePath': 'assets/fruits/grapes-black-seedless.jpg', 'lineTotal': 60, 'unitPrice': 120, 'updatedAt': '2026-03-18T17:28:06.038', 'quantityKg': 0.5, 'updatedDate': '2026-03-18', 'updatedTime': '17:28:06'}, {'soldAt': '2026-03-18T17:28:12.064', 'fruitId': 'watermelon', 'soldDate': '2026-03-18', 'soldTime': '17:28:12', 'createdAt': '2026-03-18T17:28:11.203', 'fruitName': 'Watermelon', 'imagePath': 'assets/fruits/watermelon.jpg', 'lineTotal': 175, 'unitPrice': 35, 'updatedAt': '2026-03-18T17:28:11.203', 'quantityKg': 5, 'updatedDate': '2026-03-18', 'updatedTime': '17:28:11'}, {'soldAt': '2026-03-18T17:28:12.064', 'fruitId': 'watermelon_kiran', 'soldDate': '2026-03-18', 'soldTime': '17:28:12', 'createdAt': '2026-03-18T17:28:08.269', 'fruitName': 'Watermelon Kiran', 'imagePath': 'assets/fruits/watermelon-kiran.jpg', 'lineTotal': 45, 'unitPrice': 45, 'updatedAt': '2026-03-18T17:28:08.269', 'quantityKg': 1, 'updatedDate': '2026-03-18', 'updatedTime': '17:28:08'}]",False,False
TXN-20260318-173432-5191,2026-03-18T17:34:32.273+00:00,2026-03-18,17:34:32,860.0,7,"[{'soldAt': '2026-03-18T17:34:32.273', 'fruitId': 'apple_poland', 'soldDate': '2026-03-18', 'soldTime': '17:34:32', 'createdAt': '2026-03-18T17:34:09.536', 'fruitName': 'Apple Poland', 'imagePath': 'assets/fruits/apple-poland.jpg', 'lineTotal': 220, 'unitPrice': 220, 'updatedAt': '2026-03-18T17:34:20.116', 'quantityKg': 1, 'updatedDate': '2026-03-18', 'updatedTime': '17:34:20'}, {'soldAt': '2026-03-18T17:34:32.273', 'fruitId': 'apple_washington', 'soldDate': '2026-03-18', 'soldTime': '17:34:32', 'createdAt': '2026-03-18T17:34:10.697', 'fruitName': 'Apple Washington', 'imagePath': 'assets/fruits/apple-washington.jpg', 'lineTotal': 360, 'unitPrice': 180, 'updatedAt': '2026-03-18T17:34:21.481', 'quantityKg': 2, 'updatedDate': '2026-03-18', 'updatedTime': '17:34:21'}, {'soldAt': '2026-03-18T17:34:32.273', 'fruitId': 'orange_citrus', 'soldDate': '2026-03-18', 'soldTime': '17:34:32', 'createdAt': '2026-03-18T17:34:23.831', 'fruitName': 'Orange Citrus', 'imagePath': 'assets/fruits/orange-citrus.jpg', 'lineTotal': 60, 'unitPrice': 120, 'updatedAt': '2026-03-18T17:34:23.831', 'quantityKg': 0.5, 'updatedDate': '2026-03-18', 'updatedTime': '17:34:23'}, {'soldAt': '2026-03-18T17:34:32.273', 'fruitId': 'orange_mandarin', 'soldDate': '2026-03-18', 'soldTime': '17:34:32', 'createdAt': '2026-03-18T17:34:26.340', 'fruitName': 'Mandarin Orange', 'imagePath': 'assets/fruits/orange-mandarin.jpg', 'lineTotal': 70, 'unitPrice': 140, 'updatedAt': '2026-03-18T17:34:26.340', 'quantityKg': 0.5, 'updatedDate': '2026-03-18', 'updatedTime': '17:34:26'}, {'soldAt': '2026-03-18T17:34:32.273', 'fruitId': 'orange_nagpur', 'soldDate': '2026-03-18', 'soldTime': '17:34:32', 'createdAt': '2026-03-18T17:34:27.079', 'fruitName': 'Nagpur Orange', 'imagePath': 'assets/fruits/orange-nagpur.jpg', 'lineTotal': 65, 'unitPrice': 130, 'updatedAt': '2026-03-18T17:34:27.079', 'quantityKg': 0.5, 'updatedDate': '2026-03-18', 'updatedTime': '17:34:27'}, {'soldAt': '2026-03-18T17:34:32.273', 'fruitId': 'musambi', 'soldDate': '2026-03-18', 'soldTime': '17:34:32', 'createdAt': '2026-03-18T17:34:29.408', 'fruitName': 'Musambi', 'imagePath': 'assets/fruits/Musambi.jpg', 'lineTotal': 40, 'unitPrice': 80, 'updatedAt': '2026-03-18T17:34:29.408', 'quantityKg': 0.5, 'updatedDate': '2026-03-18', 'updatedTime': '17:34:29'}, {'soldAt': '2026-03-18T17:34:32.273', 'fruitId': 'grapes_green', 'soldDate': '2026-03-18', 'soldTime': '17:34:32', 'createdAt': '2026-03-18T17:34:30.620', 'fruitName': 'Green Grapes', 'imagePath': 'assets/fruits/grapes-green.jpg', 'lineTotal': 45, 'unitPrice': 90, 'updatedAt': '2026-03-18T17:34:30.620', 'quantityKg': 0.5, 'updatedDate': '2026-03-18', 'updatedTime': '17:34:30'}]",False,False
TXN-20260318-200229-8228,2026-03-18T20:02:29.657148+00:00,2026-03-18,20:02:29,600.0,2,"[{'soldAt': '2026-03-18T20:02:29.657148', 'fruitId': 'apple_poland', 'soldDate': '2026-03-18', 'soldTime': '20:02:29', 'createdAt': '2026-03-18T20:02:24.647928', 'fruitName': 'Apple Poland', 'imagePath': 'assets/fruits/apple-poland.jpg', 'lineTotal': 330.0, 'unitPrice': 220.0, 'updatedAt': '2026-03-18T20:02:26.495945', 'quantityKg': 1.5, 'updatedDate': '2026-03-18', 'updatedTime': '20:02:26'}, {'soldAt': '2026-03-18T20:02:29.657148', 'fruitId': 'apple_washington', 'soldDate': '2026-03-18', 'soldTime': '20:02:29', 'createdAt': '2026-03-18T20:02:27.961422', 'fruitName': 'Apple Washington', 'imagePath': 'assets/fruits/apple-washington.jpg', 'lineTotal': 270.0, 'unitPrice': 180.0, 'updatedAt': '2026-03-18T20:02:28.296398', 'quantityKg': 1.5, 'updatedDate': '2026-03-18', 'updatedTime': '20:02:28'}]",False,False
TXN-20260318-200257-5922,2026-03-18T20:02:57.775681+00:00,2026-03-18,20:02:57,1430.0,12,"[{'soldAt': '2026-03-18T20:02:57.775681', 'fruitId': 'banana_big', 'soldDate': '2026-03-18', 'soldTime': '20:02:57', 'createdAt': '2026-03-18T20:02:39.702204', 'fruitName': 'Banana', 'imagePath': 'assets/fruits/big-banana.jpeg', 'lineTotal': 90.0, 'unitPrice': 60.0, 'updatedAt': '2026-03-18T20:02:40.184215', 'quantityKg': 1.5, 'updatedDate': '2026-03-18', 'updatedTime': '20:02:40'}, {'soldAt': '2026-03-18T20:02:57.775681', 'fruitId': 'banana_yelakki', 'soldDate': '2026-03-18', 'soldTime': '20:02:57', 'createdAt': '2026-03-18T20:02:40.728812', 'fruitName': 'Yelakki Banana', 'imagePath': 'assets/fruits/yelakki-banana.jpg', 'lineTotal': 90.0, 'unitPrice': 90.0, 'updatedAt': '2026-03-18T20:02:40.906764', 'quantityKg': 1.0, 'updatedDate': '2026-03-18', 'updatedTime': '20:02:40'}, {'soldAt': '2026-03-18T20:02:57.775681', 'fruitId': 'papaya', 'soldDate': '2026-03-18', 'soldTime': '20:02:57', 'createdAt': '2026-03-18T20:02:42.167247', 'fruitName': 'Papaya', 'imagePath': 'assets/fruits/papaya.jpg', 'lineTotal': 50.0, 'unitPrice': 50.0, 'updatedAt': '2026-03-18T20:02:42.333714', 'quantityKg': 1.0, 'updatedDate': '2026-03-18', 'updatedTime': '20:02:42'}, {'soldAt': '2026-03-18T20:02:57.775681', 'fruitId': 'orange_citrus', 'soldDate': '2026-03-18', 'soldTime': '20:02:57', 'createdAt': '2026-03-18T20:02:43.535560', 'fruitName': 'Orange Citrus', 'imagePath': 'assets/fruits/orange-citrus.jpg', 'lineTotal': 300.0, 'unitPrice': 120.0, 'updatedAt': '2026-03-18T20:02:44.634462', 'quantityKg': 2.5, 'updatedDate': '2026-03-18', 'updatedTime': '20:02:44'}, {'soldAt': '2026-03-18T20:02:57.775681', 'fruitId': 'orange_mandarin', 'soldDate': '2026-03-18', 'soldTime': '20:02:57', 'createdAt': '2026-03-18T20:02:45.836076', 'fruitName': 'Mandarin Orange', 'imagePath': 'assets/fruits/orange-mandarin.jpg', 'lineTotal': 70.0, 'unitPrice': 140.0, 'updatedAt': '2026-03-18T20:02:45.836076', 'quantityKg': 0.5, 'updatedDate': '2026-03-18', 'updatedTime': '20:02:45'}, {'soldAt': '2026-03-18T20:02:57.775681', 'fruitId': 'orange_nagpur', 'soldDate': '2026-03-18', 'soldTime': '20:02:57', 'createdAt': '2026-03-18T20:02:47.946473', 'fruitName': 'Nagpur Orange', 'imagePath': 'assets/fruits/orange-nagpur.jpg', 'lineTotal': 130.0, 'unitPrice': 130.0, 'updatedAt': '2026-03-18T20:02:48.038395', 'quantityKg': 1.0, 'updatedDate': '2026-03-18', 'updatedTime': '20:02:48'}, {'soldAt': '2026-03-18T20:02:57.775681', 'fruitId': 'musambi', 'soldDate': '2026-03-18', 'soldTime': '20:02:57', 'createdAt': '2026-03-18T20:02:49.555659', 'fruitName': 'Musambi', 'imagePath': 'assets/fruits/Musambi.jpg', 'lineTotal': 120.0, 'unitPrice': 80.0, 'updatedAt': '2026-03-18T20:02:49.920506', 'quantityKg': 1.5, 'updatedDate': '2026-03-18', 'updatedTime': '20:02:49'}, {'soldAt': '2026-03-18T20:02:57.775681', 'fruitId': 'grapes_green', 'soldDate': '2026-03-18', 'soldTime': '20:02:57', 'createdAt': '2026-03-18T20:02:51.237970', 'fruitName': 'Green Grapes', 'imagePath': 'assets/fruits/grapes-green.jpg', 'lineTotal': 90.0, 'unitPrice': 90.0, 'updatedAt': '2026-03-18T20:02:51.421221', 'quantityKg': 1.0, 'updatedDate': '2026-03-18', 'updatedTime': '20:02:51'}, {'soldAt': '2026-03-18T20:02:57.775681', 'fruitId': 'grapes_green_seedless', 'soldDate': '2026-03-18', 'soldTime': '20:02:57', 'createdAt': '2026-03-18T20:02:52.755523', 'fruitName': 'Seedless Green Grapes', 'imagePath': 'assets/fruits/grapes-green-seedless.jpg', 'lineTotal': 110.0, 'unitPrice': 110.0, 'updatedAt': '2026-03-18T20:02:52.940182', 'quantityKg': 1.0, 'updatedDate': '2026-03-18', 'updatedTime': '20:02:52'}, {'soldAt': '2026-03-18T20:02:57.775681', 'fruitId': 'grapes_black', 'soldDate': '2026-03-18', 'soldTime': '20:02:57', 'createdAt': '2026-03-18T20:02:53.512331', 'fruitName': 'Black Grapes', 'imagePath': 'assets/fruits/grapes-black.jpg', 'lineTotal': 100.0, 'unitPrice': 100.0, 'updatedAt': '2026-03-18T20:02:53.643824', 'quantityKg': 1.0, 'updatedDate': '2026-03-18', 'updatedTime': '20:02:53'}, {'soldAt': '2026-03-18T20:02:57.775681', 'fruitId': 'grapes_black_seedless', 'soldDate': '2026-03-18', 'soldTime': '20:02:57', 'createdAt': '2026-03-18T20:02:54.941495', 'fruitName': 'Seedless Black Grapes', 'imagePath': 'assets/fruits/grapes-black-seedless.jpg', 'lineTotal': 120.0, 'unitPrice': 120.0, 'updatedAt': '2026-03-18T20:02:55.156116', 'quantityKg': 1.0, 'updatedDate': '2026-03-18', 'updatedTime': '20:02:55'}, {'soldAt': '2026-03-18T20:02:57.775681', 'fruitId': 'pomegranate', 'soldDate': '2026-03-18', 'soldTime': '20:02:57', 'createdAt': '2026-03-18T20:02:56.507907', 'fruitName': 'Pomegranate', 'imagePath': 'assets/fruits/pomegranate.jpg', 'lineTotal': 160.0, 'unitPrice': 160.0, 'updatedAt': '2026-03-18T20:02:56.673914', 'quantityKg': 1.0, 'updatedDate': '2026-03-18', 'updatedTime': '20:02:56'}]",False,False
TXN-20260318-200302-4011,2026-03-18T20:03:02.825808+00:00,2026-03-18,20:03:02,35.0,1,"[{'soldAt': '2026-03-18T20:03:02.825808', 'fruitId': 'watermelon', 'soldDate': '2026-03-18', 'soldTime': '20:03:02', 'createdAt': '2026-03-18T20:02:58.476484', 'fruitName': 'Watermelon', 'imagePath': 'assets/fruits/watermelon.jpg', 'lineTotal': 35.0, 'unitPrice': 35.0, 'updatedAt': '2026-03-18T20:02:58.476484', 'quantityKg': 1.0, 'updatedDate': '2026-03-18', 'updatedTime': '20:02:58'}]",False,False
TXN-20260318-200307-4028,2026-03-18T20:03:07.945676+00:00,2026-03-18,20:03:07,45.0,1,"[{'soldAt': '2026-03-18T20:03:07.945676', 'fruitId': 'watermelon_kiran', 'soldDate': '2026-03-18', 'soldTime': '20:03:07', 'createdAt': '2026-03-18T20:03:03.962423', 'fruitName': 'Watermelon Kiran', 'imagePath': 'assets/fruits/watermelon-kiran.jpg', 'lineTotal': 45.0, 'unitPrice': 45.0, 'updatedAt': '2026-03-18T20:03:03.962423', 'quantityKg': 1.0, 'updatedDate': '2026-03-18', 'updatedTime': '20:03:03'}]",False,False
TXN-20260318-200348-4994,2026-03-18T20:03:48.92784+00:00,2026-03-18,20:03:48,135.0,1,"[{'soldAt': '2026-03-18T20:03:48.927840', 'fruitId': 'grapes_green', 'soldDate': '2026-03-18', 'soldTime': '20:03:48', 'createdAt': '2026-03-18T20:03:23.021489', 'fruitName': 'Green Grapes', 'imagePath': 'assets/fruits/grapes-green.jpg', 'lineTotal': 135.0, 'unitPrice': 90.0, 'updatedAt': '2026-03-18T20:03:24.453004', 'quantityKg': 1.5, 'updatedDate': '2026-03-18', 'updatedTime': '20:03:24'}]",False,False
TXN-20260318-200355-5347,2026-03-18T20:03:55.569294+00:00,2026-03-18,20:03:55,110.0,1,"[{'soldAt': '2026-03-18T20:03:55.569294', 'fruitId': 'apple_poland', 'soldDate': '2026-03-18', 'soldTime': '20:03:55', 'createdAt': '2026-03-18T20:03:50.515496', 'fruitName': 'Apple Poland', 'imagePath': 'assets/fruits/apple-poland.jpg', 'lineTotal': 110.0, 'unitPrice': 220.0, 'updatedAt': '2026-03-18T20:03:50.515496', 'quantityKg': 0.5, 'updatedDate': '2026-03-18', 'updatedTime': '20:03:50'}]",False,False
TXN-20260318-200404-8393,2026-03-18T20:04:04.473446+00:00,2026-03-18,20:04:04,50.0,1,"[{'soldAt': '2026-03-18T20:04:04.473446', 'fruitId': 'grapes_black', 'soldDate': '2026-03-18', 'soldTime': '20:04:04', 'createdAt': '2026-03-18T20:04:03.344326', 'fruitName': 'Black Grapes', 'imagePath': 'assets/fruits/grapes-black.jpg', 'lineTotal': 50.0, 'unitPrice': 100.0, 'updatedAt': '2026-03-18T20:04:03.344326', 'quantityKg': 0.5, 'updatedDate': '2026-03-18', 'updatedTime': '20:04:03'}]",False,False
TXN-20260318-200423-6405,2026-03-18T20:04:23.643503+00:00,2026-03-18,20:04:23,200.0,1,"[{'soldAt': '2026-03-18T20:04:23.643503', 'fruitId': 'grapes_black', 'soldDate': '2026-03-18', 'soldTime': '20:04:23', 'createdAt': '2026-03-18T20:04:05.418127', 'fruitName': 'Black Grapes', 'imagePath': 'assets/fruits/grapes-black.jpg', 'lineTotal': 200.0, 'unitPrice': 100.0, 'updatedAt': '2026-03-18T20:04:06.908508', 'quantityKg': 2.0, 'updatedDate': '2026-03-18', 'updatedTime': '20:04:06'}]",False,False
TXN-20260318-200505-1700,2026-03-18T20:05:05.361658+00:00,2026-03-18,20:05:05,515.0,3,"[{'soldAt': '2026-03-18T20:05:05.361658', 'fruitId': 'apple_poland', 'soldDate': '2026-03-18', 'soldTime': '20:05:05', 'createdAt': '2026-03-18T20:05:00.559584', 'fruitName': 'Apple Poland', 'imagePath': 'assets/fruits/apple-poland.jpg', 'lineTotal': 110.0, 'unitPrice': 220.0, 'updatedAt': '2026-03-18T20:05:00.559584', 'quantityKg': 0.5, 'updatedDate': '2026-03-18', 'updatedTime': '20:05:00'}, {'soldAt': '2026-03-18T20:05:05.361658', 'fruitId': 'orange_mandarin', 'soldDate': '2026-03-18', 'soldTime': '20:05:05', 'createdAt': '2026-03-18T20:05:04.337933', 'fruitName': 'Mandarin Orange', 'imagePath': 'assets/fruits/orange-mandarin.jpg', 'lineTotal': 210.0, 'unitPrice': 140.0, 'updatedAt': '2026-03-18T20:05:04.687260', 'quantityKg': 1.5, 'updatedDate': '2026-03-18', 'updatedTime': '20:05:04'}, {'soldAt': '2026-03-18T20:05:05.361658', 'fruitId': 'orange_nagpur', 'soldDate': '2026-03-18', 'soldTime': '20:05:05', 'createdAt': '2026-03-18T20:05:03.519726', 'fruitName': 'Nagpur Orange', 'imagePath': 'assets/fruits/orange-nagpur.jpg', 'lineTotal': 195.0, 'unitPrice': 130.0, 'updatedAt': '2026-03-18T20:05:03.989808', 'quantityKg': 1.5, 'updatedDate': '2026-03-18', 'updatedTime': '20:05:03'}]",False,False
TXN-20260318-200529-8448,2026-03-18T20:05:29.884995+00:00,2026-03-18,20:05:29,1560.0,2,"[{'soldAt': '2026-03-18T20:05:29.884995', 'fruitId': 'grapes_green_seedless', 'soldDate': '2026-03-18', 'soldTime': '20:05:29', 'createdAt': '2026-03-18T20:05:26.714512', 'fruitName': 'Seedless Green Grapes', 'imagePath': 'assets/fruits/grapes-green-seedless.jpg', 'lineTotal': 660.0, 'unitPrice': 110.0, 'updatedAt': '2026-03-18T20:05:28.648075', 'quantityKg': 6.0, 'updatedDate': '2026-03-18', 'updatedTime': '20:05:28'}, {'soldAt': '2026-03-18T20:05:29.884995', 'fruitId': 'grapes_black', 'soldDate': '2026-03-18', 'soldTime': '20:05:29', 'createdAt': '2026-03-18T20:05:23.780338', 'fruitName': 'Black Grapes', 'imagePath': 'assets/fruits/grapes-black.jpg', 'lineTotal': 900.0, 'unitPrice': 100.0, 'updatedAt': '2026-03-18T20:05:26.464744', 'quantityKg': 9.0, 'updatedDate': '2026-03-18', 'updatedTime': '20:05:26'}]",False,False
TXN-20260318-232148-5964,2026-03-18T23:21:48.93149+00:00,2026-03-18,23:21:48,125.0,1,"[{'soldAt': '2026-03-18T23:21:48.931490', 'fruitId': 'apple_poland', 'soldDate': '2026-03-18', 'soldTime': '23:21:48', 'createdAt': '2026-03-18T20:17:27.017535', 'fruitName': 'Apple Poland', 'imagePath': 'assets/fruits/apple-poland.jpg', 'lineTotal': 125.0, 'unitPrice': 250.0, 'updatedAt': '2026-03-18T23:21:46.898030', 'quantityKg': 0.5, 'updatedDate': '2026-03-18', 'updatedTime': '23:21:46', 'displayMetric': 'kg'}]",False,False
TXN-20260425-132747-3708,2026-04-25T13:27:47.785+00:00,2026-04-25,13:27:47,475.0,4,"[{'icon': '🍎', 'soldAt': '2026-04-25T13:27:47.785', 'fruitId': 'apple_poland', 'soldDate': '2026-04-25', 'soldTime': '13:27:47', 'createdAt': '2026-04-25T13:27:35.356', 'fruitName': 'Apple Poland', 'lineTotal': 330, 'unitPrice': 220, 'updatedAt': '2026-04-25T13:27:39.787', 'quantityKg': 1.5, 'updatedDate': '2026-04-25', 'updatedTime': '13:27:39', 'displayMetric': 'kg'}, {'icon': '🍎', 'soldAt': '2026-04-25T13:27:47.785', 'fruitId': 'apple_washington', 'soldDate': '2026-04-25', 'soldTime': '13:27:47', 'createdAt': '2026-04-25T13:27:40.845', 'fruitName': 'Apple Washington', 'lineTotal': 90, 'unitPrice': 180, 'updatedAt': '2026-04-25T13:27:40.845', 'quantityKg': 0.5, 'updatedDate': '2026-04-25', 'updatedTime': '13:27:40', 'displayMetric': 'kg'}, {'icon': '🍌', 'soldAt': '2026-04-25T13:27:47.785', 'fruitId': 'banana_big', 'soldDate': '2026-04-25', 'soldTime': '13:27:47', 'createdAt': '2026-04-25T13:27:41.568', 'fruitName': 'Banana', 'lineTotal': 30, 'unitPrice': 60, 'updatedAt': '2026-04-25T13:27:41.568', 'quantityKg': 0.5, 'updatedDate': '2026-04-25', 'updatedTime': '13:27:41', 'displayMetric': 'kg'}, {'icon': '🥭', 'soldAt': '2026-04-25T13:27:47.785', 'fruitId': 'papaya', 'soldDate': '2026-04-25', 'soldTime': '13:27:47', 'createdAt': '2026-04-25T13:27:44.262', 'fruitName': 'Papaya', 'lineTotal': 25, 'unitPrice': 50, 'updatedAt': '2026-04-25T13:27:44.262', 'quantityKg': 0.5, 'updatedDate': '2026-04-25', 'updatedTime': '13:27:44', 'displayMetric': 'kg'}]",False,False
TXN-20260425-132804-5433,2026-04-25T13:28:04.762+00:00,2026-04-25,13:28:04,212.5,2,"[{'icon': '🍇', 'soldAt': '2026-04-25T13:28:04.762', 'fruitId': 'grapes_green', 'soldDate': '2026-04-25', 'soldTime': '13:28:04', 'createdAt': '2026-04-25T13:27:57.035', 'fruitName': 'Green Grapes', 'lineTotal': 112.5, 'unitPrice': 90, 'updatedAt': '2026-04-25T13:28:00.241', 'quantityKg': 1.25, 'updatedDate': '2026-04-25', 'updatedTime': '13:28:00', 'displayMetric': 'g'}, {'icon': '🍇', 'soldAt': '2026-04-25T13:28:04.762', 'fruitId': 'grapes_black', 'soldDate': '2026-04-25', 'soldTime': '13:28:04', 'createdAt': '2026-04-25T13:28:01.695', 'fruitName': 'Black Grapes', 'lineTotal': 100, 'unitPrice': 100, 'updatedAt': '2026-04-25T13:28:03.187', 'quantityKg': 1, 'updatedDate': '2026-04-25', 'updatedTime': '13:28:03', 'displayMetric': 'kg'}]",False,False
TXN-20260430-102402-7091,2026-04-30T10:24:02.517+00:00,2026-04-30,10:24:02,1995.0,11,"[{'icon': '🍎', 'soldAt': '2026-04-30T10:24:02.517', 'fruitId': 'apple_poland', 'soldDate': '2026-04-30', 'soldTime': '10:24:02', 'createdAt': '2026-04-30T10:23:18.389', 'fruitName': 'Apple Poland', 'lineTotal': 110, 'unitPrice': 220, 'updatedAt': '2026-04-30T10:23:18.389', 'quantityKg': 0.5, 'updatedDate': '2026-04-30', 'updatedTime': '10:23:18', 'displayMetric': 'kg'}, {'icon': '🍎', 'soldAt': '2026-04-30T10:24:02.517', 'fruitId': 'apple_washington', 'soldDate': '2026-04-30', 'soldTime': '10:24:02', 'createdAt': '2026-04-30T10:23:24.527', 'fruitName': 'Apple Washington', 'lineTotal': 360, 'unitPrice': 180, 'updatedAt': '2026-04-30T10:23:28.589', 'quantityKg': 2, 'updatedDate': '2026-04-30', 'updatedTime': '10:23:28', 'displayMetric': 'kg'}, {'icon': '🍌', 'soldAt': '2026-04-30T10:24:02.517', 'fruitId': 'banana_big', 'soldDate': '2026-04-30', 'soldTime': '10:24:02', 'createdAt': '2026-04-30T10:23:36.710', 'fruitName': 'Banana', 'lineTotal': 120, 'unitPrice': 60, 'updatedAt': '2026-04-30T10:23:38.179', 'quantityKg': 2, 'updatedDate': '2026-04-30', 'updatedTime': '10:23:38', 'displayMetric': 'kg'}, {'icon': '🍌', 'soldAt': '2026-04-30T10:24:02.517', 'fruitId': 'banana_yelakki', 'soldDate': '2026-04-30', 'soldTime': '10:24:02', 'createdAt': '2026-04-30T10:23:44.363', 'fruitName': 'Yelakki Banana', 'lineTotal': 180, 'unitPrice': 90, 'updatedAt': '2026-04-30T10:23:44.363', 'quantityKg': 2, 'updatedDate': '2026-04-30', 'updatedTime': '10:23:44', 'displayMetric': 'kg'}, {'icon': '🥭', 'soldAt': '2026-04-30T10:24:02.517', 'fruitId': 'papaya', 'soldDate': '2026-04-30', 'soldTime': '10:24:02', 'createdAt': '2026-04-30T10:23:49.882', 'fruitName': 'Papaya', 'lineTotal': 250, 'unitPrice': 50, 'updatedAt': '2026-04-30T10:23:49.882', 'quantityKg': 5, 'updatedDate': '2026-04-30', 'updatedTime': '10:23:49', 'displayMetric': 'kg'}, {'icon': '🍊', 'soldAt': '2026-04-30T10:24:02.517', 'fruitId': 'orange_citrus', 'soldDate': '2026-04-30', 'soldTime': '10:24:02', 'createdAt': '2026-04-30T10:23:53.512', 'fruitName': 'Orange Citrus', 'lineTotal': 600, 'unitPrice': 120, 'updatedAt': '2026-04-30T10:23:53.512', 'quantityKg': 5, 'updatedDate': '2026-04-30', 'updatedTime': '10:23:53', 'displayMetric': 'kg'}, {'icon': '🍇', 'soldAt': '2026-04-30T10:24:02.517', 'fruitId': 'grapes_green', 'soldDate': '2026-04-30', 'soldTime': '10:24:02', 'createdAt': '2026-04-30T10:23:57.774', 'fruitName': 'Green Grapes', 'lineTotal': 45, 'unitPrice': 90, 'updatedAt': '2026-04-30T10:23:57.774', 'quantityKg': 0.5, 'updatedDate': '2026-04-30', 'updatedTime': '10:23:57', 'displayMetric': 'kg'}, {'icon': '🍇', 'soldAt': '2026-04-30T10:24:02.517', 'fruitId': 'grapes_green_seedless', 'soldDate': '2026-04-30', 'soldTime': '10:24:02', 'createdAt': '2026-04-30T10:23:57.151', 'fruitName': 'Seedless Green Grapes', 'lineTotal': 55, 'unitPrice': 110, 'updatedAt': '2026-04-30T10:23:57.151', 'quantityKg': 0.5, 'updatedDate': '2026-04-30', 'updatedTime': '10:23:57', 'displayMetric': 'kg'}, {'icon': '🍇', 'soldAt': '2026-04-30T10:24:02.517', 'fruitId': 'grapes_black_seedless', 'soldDate': '2026-04-30', 'soldTime': '10:24:02', 'createdAt': '2026-04-30T10:23:59.886', 'fruitName': 'Seedless Black Grapes', 'lineTotal': 60, 'unitPrice': 120, 'updatedAt': '2026-04-30T10:23:59.886', 'quantityKg': 0.5, 'updatedDate': '2026-04-30', 'updatedTime': '10:23:59', 'displayMetric': 'kg'}, {'icon': '🍎', 'soldAt': '2026-04-30T10:24:02.517', 'fruitId': 'pomegranate', 'soldDate': '2026-04-30', 'soldTime': '10:24:02', 'createdAt': '2026-04-30T10:23:59.442', 'fruitName': 'Pomegranate', 'lineTotal': 80, 'unitPrice': 160, 'updatedAt': '2026-04-30T10:23:59.442', 'quantityKg': 0.5, 'updatedDate': '2026-04-30', 'updatedTime': '10:23:59', 'displayMetric': 'kg'}, {'icon': '🍉', 'soldAt': '2026-04-30T10:24:02.517', 'fruitId': 'watermelon_kiran', 'soldDate': '2026-04-30', 'soldTime': '10:24:02', 'createdAt': '2026-04-30T10:24:01.498', 'fruitName': 'Watermelon Kiran', 'lineTotal': 135, 'unitPrice': 45, 'updatedAt': '2026-04-30T10:24:01.805', 'quantityKg': 3, 'updatedDate': '2026-04-30', 'updatedTime': '10:24:01', 'displayMetric': 'kg'}]",False,False
TXN-20260430-102411-5008,2026-04-30T10:24:11.772+00:00,2026-04-30,10:24:11,120.0,2,"[{'icon': '🍎', 'soldAt': '2026-04-30T10:24:11.772', 'fruitId': 'apple_washington', 'soldDate': '2026-04-30', 'soldTime': '10:24:11', 'createdAt': '2026-04-30T10:24:10.236', 'fruitName': 'Apple Washington', 'lineTotal': 90, 'unitPrice': 180, 'updatedAt': '2026-04-30T10:24:10.236', 'quantityKg': 0.5, 'updatedDate': '2026-04-30', 'updatedTime': '10:24:10', 'displayMetric': 'kg'}, {'icon': '🍌', 'soldAt': '2026-04-30T10:24:11.772', 'fruitId': 'banana_big', 'soldDate': '2026-04-30', 'soldTime': '10:24:11', 'createdAt': '2026-04-30T10:24:10.779', 'fruitName': 'Banana', 'lineTotal': 30, 'unitPrice': 60, 'updatedAt': '2026-04-30T10:24:10.779', 'quantityKg': 0.5, 'updatedDate': '2026-04-30', 'updatedTime': '10:24:10', 'displayMetric': 'kg'}]",False,False
TXN-20260430-102414-5635,2026-04-30T10:24:14.772+00:00,2026-04-30,10:24:14,30.0,1,"[{'icon': '🍌', 'soldAt': '2026-04-30T10:24:14.772', 'fruitId': 'banana_big', 'soldDate': '2026-04-30', 'soldTime': '10:24:14', 'createdAt': '2026-04-30T10:24:13.058', 'fruitName': 'Banana', 'lineTotal': 30, 'unitPrice': 60, 'updatedAt': '2026-04-30T10:24:13.058', 'quantityKg': 0.5, 'updatedDate': '2026-04-30', 'updatedTime': '10:24:13', 'displayMetric': 'kg'}]",False,False
TXN-20260430-102416-1285,2026-04-30T10:24:16.592+00:00,2026-04-30,10:24:16,30.0,1,"[{'icon': '🍌', 'soldAt': '2026-04-30T10:24:16.592', 'fruitId': 'banana_big', 'soldDate': '2026-04-30', 'soldTime': '10:24:16', 'createdAt': '2026-04-30T10:24:15.718', 'fruitName': 'Banana', 'lineTotal': 30, 'unitPrice': 60, 'updatedAt': '2026-04-30T10:24:15.718', 'quantityKg': 0.5, 'updatedDate': '2026-04-30', 'updatedTime': '10:24:15', 'displayMetric': 'kg'}]",False,False
TXN-20260430-102418-7819,2026-04-30T10:24:18.05+00:00,2026-04-30,10:24:18,30.0,1,"[{'icon': '🍌', 'soldAt': '2026-04-30T10:24:18.050', 'fruitId': 'banana_big', 'soldDate': '2026-04-30', 'soldTime': '10:24:18', 'createdAt': '2026-04-30T10:24:17.198', 'fruitName': 'Banana', 'lineTotal': 30, 'unitPrice': 60, 'updatedAt': '2026-04-30T10:24:17.198', 'quantityKg': 0.5, 'updatedDate': '2026-04-30', 'updatedTime': '10:24:17', 'displayMetric': 'kg'}]",False,False
TXN-20260430-102420-9742,2026-04-30T10:24:20.071+00:00,2026-04-30,10:24:20,25.0,1,"[{'icon': '🥭', 'soldAt': '2026-04-30T10:24:20.071', 'fruitId': 'papaya', 'soldDate': '2026-04-30', 'soldTime': '10:24:20', 'createdAt': '2026-04-30T10:24:19.290', 'fruitName': 'Papaya', 'lineTotal': 25, 'unitPrice': 50, 'updatedAt': '2026-04-30T10:24:19.290', 'quantityKg': 0.5, 'updatedDate': '2026-04-30', 'updatedTime': '10:24:19', 'displayMetric': 'kg'}]",False,False
TXN-20260430-102545-2053,2026-04-30T10:25:45.303+00:00,2026-04-30,10:25:45,189.4,3,"[{'icon': '🍊', 'soldAt': '2026-04-30T10:25:45.303', 'fruitId': 'orange_citrus', 'soldDate': '2026-04-30', 'soldTime': '10:25:45', 'createdAt': '2026-04-30T10:24:20.690', 'fruitName': 'Orange Citrus', 'lineTotal': 60, 'unitPrice': 120, 'updatedAt': '2026-04-30T10:24:20.690', 'quantityKg': 0.5, 'updatedDate': '2026-04-30', 'updatedTime': '10:24:20', 'displayMetric': 'kg'}, {'icon': '🍊', 'soldAt': '2026-04-30T10:25:45.303', 'fruitId': 'orange_nagpur', 'soldDate': '2026-04-30', 'soldTime': '10:25:45', 'createdAt': '2026-04-30T10:24:29.491', 'fruitName': 'Nagpur Orange', 'lineTotal': 49.4, 'unitPrice': 130, 'updatedAt': '2026-04-30T10:24:29.491', 'quantityKg': 0.38, 'updatedDate': '2026-04-30', 'updatedTime': '10:24:29', 'displayMetric': 'g'}, {'icon': '🍋', 'soldAt': '2026-04-30T10:25:45.303', 'fruitId': 'musambi', 'soldDate': '2026-04-30', 'soldTime': '10:25:45', 'createdAt': '2026-04-30T10:24:35.057', 'fruitName': 'Musambi', 'lineTotal': 80, 'unitPrice': 80, 'updatedAt': '2026-04-30T10:24:36.660', 'quantityKg': 1, 'updatedDate': '2026-04-30', 'updatedTime': '10:24:36', 'displayMetric': 'g'}]",False,False
TXN-20260430-102935-5974,2026-04-30T10:29:35.76+00:00,2026-04-30,10:29:35,55.0,1,"[{'icon': '🍇', 'soldAt': '2026-04-30T10:29:35.760', 'fruitId': 'grapes_green_seedless', 'soldDate': '2026-04-30', 'soldTime': '10:29:35', 'createdAt': '2026-04-30T10:29:33.158', 'fruitName': 'Seedless Green Grapes', 'lineTotal': 55, 'unitPrice': 110, 'updatedAt': '2026-04-30T10:29:33.158', 'quantityKg': 0.5, 'updatedDate': '2026-04-30', 'updatedTime': '10:29:33', 'displayMetric': 'kg'}]",False,False
TXN-20260430-102937-6016,2026-04-30T10:29:37.932+00:00,2026-04-30,10:29:37,80.0,1,"[{'icon': '🍎', 'soldAt': '2026-04-30T10:29:37.932', 'fruitId': 'pomegranate', 'soldDate': '2026-04-30', 'soldTime': '10:29:37', 'createdAt': '2026-04-30T10:29:37.261', 'fruitName': 'Pomegranate', 'lineTotal': 80, 'unitPrice': 160, 'updatedAt': '2026-04-30T10:29:37.261', 'quantityKg': 0.5, 'updatedDate': '2026-04-30', 'updatedTime': '10:29:37', 'displayMetric': 'kg'}]",False,False
TXN-20260430-102939-6219,2026-04-30T10:29:39.433+00:00,2026-04-30,10:29:39,35.0,1,"[{'icon': '🍉', 'soldAt': '2026-04-30T10:29:39.433', 'fruitId': 'watermelon', 'soldDate': '2026-04-30', 'soldTime': '10:29:39', 'createdAt': '2026-04-30T10:29:38.692', 'fruitName': 'Watermelon', 'lineTotal': 35, 'unitPrice': 35, 'updatedAt': '2026-04-30T10:29:38.692', 'quantityKg': 1, 'updatedDate': '2026-04-30', 'updatedTime': '10:29:38', 'displayMetric': 'kg'}]",False,False
TXN-20260430-102940-4931,2026-04-30T10:29:40.874+00:00,2026-04-30,10:29:40,35.0,1,"[{'icon': '🍉', 'soldAt': '2026-04-30T10:29:40.874', 'fruitId': 'watermelon', 'soldDate': '2026-04-30', 'soldTime': '10:29:40', 'createdAt': '2026-04-30T10:29:39.948', 'fruitName': 'Watermelon', 'lineTotal': 35, 'unitPrice': 35, 'updatedAt': '2026-04-30T10:29:39.948', 'quantityKg': 1, 'updatedDate': '2026-04-30', 'updatedTime': '10:29:39', 'displayMetric': 'kg'}]",False,False
TXN-20260430-102943-8661,2026-04-30T10:29:43.816+00:00,2026-04-30,10:29:43,60.0,1,"[{'icon': '🍇', 'soldAt': '2026-04-30T10:29:43.816', 'fruitId': 'grapes_black_seedless', 'soldDate': '2026-04-30', 'soldTime': '10:29:43', 'createdAt': '2026-04-30T10:29:41.763', 'fruitName': 'Seedless Black Grapes', 'lineTotal': 60, 'unitPrice': 120, 'updatedAt': '2026-04-30T10:29:41.763', 'quantityKg': 0.5, 'updatedDate': '2026-04-30', 'updatedTime': '10:29:41', 'displayMetric': 'kg'}]",False,False
TXN-20260430-105216-6914,2026-04-30T10:52:16.221+00:00,2026-04-30,10:52:16,120.0,2,"[{'icon': '🍎', 'soldAt': '2026-04-30T10:52:16.221', 'fruitId': 'apple_washington', 'soldDate': '2026-04-30', 'soldTime': '10:52:16', 'createdAt': '2026-04-30T10:52:12.292', 'fruitName': 'Apple Washington', 'lineTotal': 90, 'unitPrice': 180, 'updatedAt': '2026-04-30T10:52:15.077', 'quantityKg': 0.5, 'updatedDate': '2026-04-30', 'updatedTime': '10:52:15', 'displayMetric': 'kg'}, {'icon': '🍌', 'soldAt': '2026-04-30T10:52:16.221', 'fruitId': 'banana_big', 'soldDate': '2026-04-30', 'soldTime': '10:52:16', 'createdAt': '2026-04-30T10:52:15.739', 'fruitName': 'Banana', 'lineTotal': 30, 'unitPrice': 60, 'updatedAt': '2026-04-30T10:52:15.739', 'quantityKg': 0.5, 'updatedDate': '2026-04-30', 'updatedTime': '10:52:15', 'displayMetric': 'kg'}]",False,False
TXN-20260430-105220-5453,2026-04-30T10:52:20.205+00:00,2026-04-30,10:52:20,85.0,2,"[{'icon': '🥭', 'soldAt': '2026-04-30T10:52:20.205', 'fruitId': 'papaya', 'soldDate': '2026-04-30', 'soldTime': '10:52:20', 'createdAt': '2026-04-30T10:52:18.401', 'fruitName': 'Papaya', 'lineTotal': 25, 'unitPrice': 50, 'updatedAt': '2026-04-30T10:52:18.401', 'quantityKg': 0.5, 'updatedDate': '2026-04-30', 'updatedTime': '10:52:18', 'displayMetric': 'kg'}, {'icon': '🍊', 'soldAt': '2026-04-30T10:52:20.205', 'fruitId': 'orange_citrus', 'soldDate': '2026-04-30', 'soldTime': '10:52:20', 'createdAt': '2026-04-30T10:52:18.844', 'fruitName': 'Orange Citrus', 'lineTotal': 60, 'unitPrice': 120, 'updatedAt': '2026-04-30T10:52:18.844', 'quantityKg': 0.5, 'updatedDate': '2026-04-30', 'updatedTime': '10:52:18', 'displayMetric': 'kg'}]",False,False
TXN-20260430-130307-5568,2026-04-30T13:03:07.624+00:00,2026-04-30,13:03:07,20.0,1,"[{'icon': '🍎', 'soldAt': '2026-04-30T13:03:07.624', 'fruitId': 'custom_capsicum', 'soldDate': '2026-04-30', 'soldTime': '13:03:07', 'createdAt': '2026-04-30T13:03:05.749', 'fruitName': 'Capsicum', 'lineTotal': 20, 'unitPrice': 20, 'updatedAt': '2026-04-30T13:03:05.749', 'quantityKg': 1, 'updatedDate': '2026-04-30', 'updatedTime': '13:03:05', 'displayMetric': 'kg'}]",False,False
TXN-20260501-161148-3923,2026-05-01T16:11:48.322+00:00,2026-05-01,16:11:48,110.0,1,"[{'icon': '🍎', 'soldAt': '2026-05-01T16:11:48.322', 'fruitId': 'apple_poland', 'soldDate': '2026-05-01', 'soldTime': '16:11:48', 'createdAt': '2026-05-01T16:11:46.371', 'fruitName': 'Apple Poland', 'lineTotal': 110, 'unitPrice': 220, 'updatedAt': '2026-05-01T16:11:46.371', 'quantityKg': 0.5, 'updatedDate': '2026-05-01', 'updatedTime': '16:11:46', 'displayMetric': 'kg'}]",False,True
TXN-20260501-161245-9581,2026-05-01T16:12:45.723+00:00,2026-05-01,16:12:45,435.0,8,"[{'icon': '🍎', 'soldAt': '2026-05-01T16:12:45.723', 'fruitId': 'apple_washington', 'soldDate': '2026-05-01', 'soldTime': '16:12:45', 'createdAt': '2026-05-01T16:12:22.086', 'fruitName': 'Apple Washington', 'lineTotal': 90, 'unitPrice': 180, 'updatedAt': '2026-05-01T16:12:22.086', 'quantityKg': 0.5, 'updatedDate': '2026-05-01', 'updatedTime': '16:12:22', 'displayMetric': 'kg'}, {'icon': '🍌', 'soldAt': '2026-05-01T16:12:45.723', 'fruitId': 'banana_big', 'soldDate': '2026-05-01', 'soldTime': '16:12:45', 'createdAt': '2026-05-01T16:12:30.125', 'fruitName': 'Banana', 'lineTotal': 30, 'unitPrice': 60, 'updatedAt': '2026-05-01T16:12:30.125', 'quantityKg': 0.5, 'updatedDate': '2026-05-01', 'updatedTime': '16:12:30', 'displayMetric': 'kg'}, {'icon': '🍇', 'soldAt': '2026-05-01T16:12:45.723', 'fruitId': 'grapes_green', 'soldDate': '2026-05-01', 'soldTime': '16:12:45', 'createdAt': '2026-05-01T16:12:34.754', 'fruitName': 'Green Grapes', 'lineTotal': 45, 'unitPrice': 90, 'updatedAt': '2026-05-01T16:12:34.754', 'quantityKg': 0.5, 'updatedDate': '2026-05-01', 'updatedTime': '16:12:34', 'displayMetric': 'kg'}, {'icon': '🍊', 'soldAt': '2026-05-01T16:12:45.723', 'fruitId': 'orange_mandarin', 'soldDate': '2026-05-01', 'soldTime': '16:12:45', 'createdAt': '2026-05-01T16:12:33.617', 'fruitName': 'Mandarin Orange', 'lineTotal': 70, 'unitPrice': 140, 'updatedAt': '2026-05-01T16:12:33.617', 'quantityKg': 0.5, 'updatedDate': '2026-05-01', 'updatedTime': '16:12:33', 'displayMetric': 'kg'}, {'icon': '🍋', 'soldAt': '2026-05-01T16:12:45.723', 'fruitId': 'musambi', 'soldDate': '2026-05-01', 'soldTime': '16:12:45', 'createdAt': '2026-05-01T16:12:38.153', 'fruitName': 'Musambi', 'lineTotal': 40, 'unitPrice': 80, 'updatedAt': '2026-05-01T16:12:38.153', 'quantityKg': 0.5, 'updatedDate': '2026-05-01', 'updatedTime': '16:12:38', 'displayMetric': 'kg'}, {'icon': '🍊', 'soldAt': '2026-05-01T16:12:45.723', 'fruitId': 'orange_nagpur', 'soldDate': '2026-05-01', 'soldTime': '16:12:45', 'createdAt': '2026-05-01T16:12:18.856', 'fruitName': 'Nagpur Orange', 'lineTotal': 65, 'unitPrice': 130, 'updatedAt': '2026-05-01T16:12:18.856', 'quantityKg': 0.5, 'updatedDate': '2026-05-01', 'updatedTime': '16:12:18', 'displayMetric': 'kg'}, {'icon': '🍊', 'soldAt': '2026-05-01T16:12:45.723', 'fruitId': 'orange_citrus', 'soldDate': '2026-05-01', 'soldTime': '16:12:45', 'createdAt': '2026-05-01T16:12:19.974', 'fruitName': 'Orange Citrus', 'lineTotal': 60, 'unitPrice': 120, 'updatedAt': '2026-05-01T16:12:19.974', 'quantityKg': 0.5, 'updatedDate': '2026-05-01', 'updatedTime': '16:12:19', 'displayMetric': 'kg'}, {'icon': '🥝', 'soldAt': '2026-05-01T16:12:45.723', 'fruitId': 'custom_kiwi', 'soldDate': '2026-05-01', 'soldTime': '16:12:45', 'createdAt': '2026-05-01T16:12:16.125', 'fruitName': 'kiwi', 'lineTotal': 35, 'unitPrice': 140, 'updatedAt': '2026-05-01T16:12:16.125', 'quantityKg': 0.25, 'updatedDate': '2026-05-01', 'updatedTime': '16:12:16', 'displayMetric': 'kg'}]",False,True
TXN-20260501-161325-8968,2026-05-01T16:13:25.006+00:00,2026-05-01,16:13:25,40.0,1,"[{'icon': '🍋', 'soldAt': '2026-05-01T16:13:25.006', 'fruitId': 'musambi', 'soldDate': '2026-05-01', 'soldTime': '16:13:25', 'createdAt': '2026-05-01T16:13:23.903', 'fruitName': 'Musambi', 'lineTotal': 40, 'unitPrice': 80, 'updatedAt': '2026-05-01T16:13:23.903', 'quantityKg': 0.5, 'updatedDate': '2026-05-01', 'updatedTime': '16:13:23', 'displayMetric': 'kg'}]",False,True
TXN-20260501-161328-5262,2026-05-01T16:13:28.118+00:00,2026-05-01,16:13:28,60.0,1,"[{'icon': '🍊', 'soldAt': '2026-05-01T16:13:28.118', 'fruitId': 'orange_citrus', 'soldDate': '2026-05-01', 'soldTime': '16:13:28', 'createdAt': '2026-05-01T16:13:26.316', 'fruitName': 'Orange Citrus', 'lineTotal': 60, 'unitPrice': 120, 'updatedAt': '2026-05-01T16:13:26.316', 'quantityKg': 0.5, 'updatedDate': '2026-05-01', 'updatedTime': '16:13:26', 'displayMetric': 'kg'}]",False,True
TXN-20260501-161333-6457,2026-05-01T16:13:33.193+00:00,2026-05-01,16:13:33,35.0,1,"[{'icon': '🥝', 'soldAt': '2026-05-01T16:13:33.193', 'fruitId': 'custom_kiwi', 'soldDate': '2026-05-01', 'soldTime': '16:13:33', 'createdAt': '2026-05-01T16:13:32.235', 'fruitName': 'kiwi', 'lineTotal': 35, 'unitPrice': 140, 'updatedAt': '2026-05-01T16:13:32.235', 'quantityKg': 0.25, 'updatedDate': '2026-05-01', 'updatedTime': '16:13:32', 'displayMetric': 'kg'}]",False,True
TXN-20260501-225435-6470,2026-05-01T22:54:35.787+00:00,2026-05-01,22:54:35,310.0,5,"[{'icon': '🍇', 'soldAt': '2026-05-01T22:54:35.787', 'fruitId': 'grapes_green', 'soldDate': '2026-05-01', 'soldTime': '22:54:35', 'createdAt': '2026-05-01T22:54:19.932', 'fruitName': 'Green Grapes', 'lineTotal': 45, 'unitPrice': 90, 'updatedAt': '2026-05-01T22:54:19.932', 'quantityKg': 0.5, 'updatedDate': '2026-05-01', 'updatedTime': '22:54:19', 'displayMetric': 'kg'}, {'icon': '🍊', 'soldAt': '2026-05-01T22:54:35.787', 'fruitId': 'orange_nagpur', 'soldDate': '2026-05-01', 'soldTime': '22:54:35', 'createdAt': '2026-05-01T22:54:23.471', 'fruitName': 'Nagpur Orange', 'lineTotal': 65, 'unitPrice': 130, 'updatedAt': '2026-05-01T22:54:23.471', 'quantityKg': 0.5, 'updatedDate': '2026-05-01', 'updatedTime': '22:54:23', 'displayMetric': 'kg'}, {'icon': '🍊', 'soldAt': '2026-05-01T22:54:35.787', 'fruitId': 'orange_citrus', 'soldDate': '2026-05-01', 'soldTime': '22:54:35', 'createdAt': '2026-05-01T22:54:24.722', 'fruitName': 'Orange Citrus', 'lineTotal': 60, 'unitPrice': 120, 'updatedAt': '2026-05-01T22:54:24.722', 'quantityKg': 0.5, 'updatedDate': '2026-05-01', 'updatedTime': '22:54:24', 'displayMetric': 'kg'}, {'icon': '🍎', 'soldAt': '2026-05-01T22:54:35.787', 'fruitId': 'pomegranate', 'soldDate': '2026-05-01', 'soldTime': '22:54:35', 'createdAt': '2026-05-01T22:54:27.591', 'fruitName': 'Pomegranate', 'lineTotal': 80, 'unitPrice': 160, 'updatedAt': '2026-05-01T22:54:27.591', 'quantityKg': 0.5, 'updatedDate': '2026-05-01', 'updatedTime': '22:54:27', 'displayMetric': 'kg'}, {'icon': '🍇', 'soldAt': '2026-05-01T22:54:35.787', 'fruitId': 'grapes_black_seedless', 'soldDate': '2026-05-01', 'soldTime': '22:54:35', 'createdAt': '2026-05-01T22:54:30.050', 'fruitName': 'Seedless Black Grapes', 'lineTotal': 60, 'unitPrice': 120, 'updatedAt': '2026-05-01T22:54:30.050', 'quantityKg': 0.5, 'updatedDate': '2026-05-01', 'updatedTime': '22:54:30', 'displayMetric': 'kg'}]",False,True
TXN-20260501-234529-9904,2026-05-01T23:45:29.422661+00:00,2026-05-01,23:45:29,90.0,1,"[{'icon': '🍎', 'soldAt': '2026-05-01T23:45:29.422661', 'fruitId': 'apple_washington', 'soldDate': '2026-05-01', 'soldTime': '23:45:29', 'createdAt': '2026-05-01T23:45:27.561531', 'fruitName': 'Apple Washington', 'lineTotal': 90.0, 'unitPrice': 180.0, 'updatedAt': '2026-05-01T23:45:27.561531', 'quantityKg': 0.5, 'updatedDate': '2026-05-01', 'updatedTime': '23:45:27', 'displayMetric': 'kg'}]",False,True
TXN-20260502-000545-7728,2026-05-02T00:05:45.922533+00:00,2026-05-02,00:05:45,595.0,9,"[{'icon': '🍎', 'soldAt': '2026-05-02T00:05:45.922533', 'fruitId': 'apple_poland', 'soldDate': '2026-05-02', 'soldTime': '00:05:45', 'createdAt': '2026-05-02T00:05:27.042697', 'fruitName': 'Apple Poland', 'lineTotal': 110.0, 'unitPrice': 220.0, 'updatedAt': '2026-05-02T00:05:27.042697', 'quantityKg': 0.5, 'updatedDate': '2026-05-02', 'updatedTime': '00:05:27', 'displayMetric': 'kg'}, {'icon': '🍎', 'soldAt': '2026-05-02T00:05:45.922533', 'fruitId': 'apple_washington', 'soldDate': '2026-05-02', 'soldTime': '00:05:45', 'createdAt': '2026-05-02T00:05:29.579095', 'fruitName': 'Apple Washington', 'lineTotal': 180.0, 'unitPrice': 180.0, 'updatedAt': '2026-05-02T00:05:30.479381', 'quantityKg': 1.0, 'updatedDate': '2026-05-02', 'updatedTime': '00:05:30', 'displayMetric': 'kg'}, {'icon': '🍇', 'soldAt': '2026-05-02T00:05:45.922533', 'fruitId': 'grapes_black', 'soldDate': '2026-05-02', 'soldTime': '00:05:45', 'createdAt': '2026-05-02T00:05:32.830031', 'fruitName': 'Black Grapes', 'lineTotal': 50.0, 'unitPrice': 100.0, 'updatedAt': '2026-05-02T00:05:32.830031', 'quantityKg': 0.5, 'updatedDate': '2026-05-02', 'updatedTime': '00:05:32', 'displayMetric': 'kg'}, {'icon': '🍋', 'soldAt': '2026-05-02T00:05:45.922533', 'fruitId': 'musambi', 'soldDate': '2026-05-02', 'soldTime': '00:05:45', 'createdAt': '2026-05-02T00:05:35.848157', 'fruitName': 'Musambi', 'lineTotal': 40.0, 'unitPrice': 80.0, 'updatedAt': '2026-05-02T00:05:35.848157', 'quantityKg': 0.5, 'updatedDate': '2026-05-02', 'updatedTime': '00:05:35', 'displayMetric': 'kg'}, {'icon': '🥭', 'soldAt': '2026-05-02T00:05:45.922533', 'fruitId': 'papaya', 'soldDate': '2026-05-02', 'soldTime': '00:05:45', 'createdAt': '2026-05-02T00:05:37.231993', 'fruitName': 'Papaya', 'lineTotal': 25.0, 'unitPrice': 50.0, 'updatedAt': '2026-05-02T00:05:37.231993', 'quantityKg': 0.5, 'updatedDate': '2026-05-02', 'updatedTime': '00:05:37', 'displayMetric': 'kg'}, {'icon': '🍑', 'soldAt': '2026-05-02T00:05:45.922533', 'fruitId': 'custom_peach', 'soldDate': '2026-05-02', 'soldTime': '00:05:45', 'createdAt': '2026-05-02T00:05:39.649385', 'fruitName': 'Peach', 'lineTotal': 50.0, 'unitPrice': 100.0, 'updatedAt': '2026-05-02T00:05:39.649385', 'quantityKg': 0.5, 'updatedDate': '2026-05-02', 'updatedTime': '00:05:39', 'displayMetric': 'kg'}, {'icon': '🍇', 'soldAt': '2026-05-02T00:05:45.922533', 'fruitId': 'grapes_black_seedless', 'soldDate': '2026-05-02', 'soldTime': '00:05:45', 'createdAt': '2026-05-02T00:05:41.500813', 'fruitName': 'Seedless Black Grapes', 'lineTotal': 60.0, 'unitPrice': 120.0, 'updatedAt': '2026-05-02T00:05:41.500813', 'quantityKg': 0.5, 'updatedDate': '2026-05-02', 'updatedTime': '00:05:41', 'displayMetric': 'kg'}, {'icon': '🍉', 'soldAt': '2026-05-02T00:05:45.922533', 'fruitId': 'watermelon', 'soldDate': '2026-05-02', 'soldTime': '00:05:45', 'createdAt': '2026-05-02T00:05:42.920450', 'fruitName': 'Watermelon', 'lineTotal': 35.0, 'unitPrice': 35.0, 'updatedAt': '2026-05-02T00:05:42.920450', 'quantityKg': 1.0, 'updatedDate': '2026-05-02', 'updatedTime': '00:05:42', 'displayMetric': 'kg'}, {'icon': '🍌', 'soldAt': '2026-05-02T00:05:45.922533', 'fruitId': 'banana_yelakki', 'soldDate': '2026-05-02', 'soldTime': '00:05:45', 'createdAt': '2026-05-02T00:05:44.294407', 'fruitName': 'Yelakki Banana', 'lineTotal': 45.0, 'unitPrice': 90.0, 'updatedAt': '2026-05-02T00:05:44.294407', 'quantityKg': 0.5, 'updatedDate': '2026-05-02', 'updatedTime': '00:05:44', 'displayMetric': 'kg'}]",False,False
TXN-20260502-000553-9962,2026-05-02T00:05:53.854437+00:00,2026-05-02,00:05:53,180.0,1,"[{'icon': '🍉', 'soldAt': '2026-05-02T00:05:53.854437', 'fruitId': 'watermelon_kiran', 'soldDate': '2026-05-02', 'soldTime': '00:05:53', 'createdAt': '2026-05-02T00:05:50.904688', 'fruitName': 'Watermelon Kiran', 'lineTotal': 180.0, 'unitPrice': 45.0, 'updatedAt': '2026-05-02T00:05:52.839919', 'quantityKg': 4.0, 'updatedDate': '2026-05-02', 'updatedTime': '00:05:52', 'displayMetric': 'kg'}]",False,False
TXN-20260502-000559-8341,2026-05-02T00:05:59.460384+00:00,2026-05-02,00:05:59,80.0,2,"[{'icon': '🍉', 'soldAt': '2026-05-02T00:05:59.460384', 'fruitId': 'watermelon', 'soldDate': '2026-05-02', 'soldTime': '00:05:59', 'createdAt': '2026-05-02T00:05:57.774146', 'fruitName': 'Watermelon', 'lineTotal': 35.0, 'unitPrice': 35.0, 'updatedAt': '2026-05-02T00:05:57.774146', 'quantityKg': 1.0, 'updatedDate': '2026-05-02', 'updatedTime': '00:05:57', 'displayMetric': 'kg'}, {'icon': '🍉', 'soldAt': '2026-05-02T00:05:59.460384', 'fruitId': 'watermelon_kiran', 'soldDate': '2026-05-02', 'soldTime': '00:05:59', 'createdAt': '2026-05-02T00:05:55.256290', 'fruitName': 'Watermelon Kiran', 'lineTotal': 45.0, 'unitPrice': 45.0, 'updatedAt': '2026-05-02T00:05:55.256290', 'quantityKg': 1.0, 'updatedDate': '2026-05-02', 'updatedTime': '00:05:55', 'displayMetric': 'kg'}]",False,False
TXN-20260502-000629-4809,2026-05-02T00:06:29.573978+00:00,2026-05-02,00:06:29,82.5,1,"[{'icon': '🍇', 'soldAt': '2026-05-02T00:06:29.573978', 'fruitId': 'grapes_green_seedless', 'soldDate': '2026-05-02', 'soldTime': '00:06:29', 'createdAt': '2026-05-02T00:06:05.054368', 'fruitName': 'Seedless Green Grapes', 'lineTotal': 82.5, 'unitPrice': 110.0, 'updatedAt': '2026-05-02T00:06:27.623778', 'quantityKg': 0.75, 'updatedDate': '2026-05-02', 'updatedTime': '00:06:27', 'displayMetric': 'g'}]",False,False
TXN-20260502-000638-4489,2026-05-02T00:06:38.815282+00:00,2026-05-02,00:06:38,27.5,1,"[{'icon': '🍇', 'soldAt': '2026-05-02T00:06:38.815282', 'fruitId': 'grapes_green_seedless', 'soldDate': '2026-05-02', 'soldTime': '00:06:38', 'createdAt': '2026-05-02T00:06:35.814922', 'fruitName': 'Seedless Green Grapes', 'lineTotal': 27.5, 'unitPrice': 110.0, 'updatedAt': '2026-05-02T00:06:35.814922', 'quantityKg': 0.25, 'updatedDate': '2026-05-02', 'updatedTime': '00:06:35', 'displayMetric': 'g'}]",False,False
TXN-20260502-000650-3917,2026-05-02T00:06:50.798749+00:00,2026-05-02,00:06:50,105.0,2,"[{'icon': '🍇', 'soldAt': '2026-05-02T00:06:50.798749', 'fruitId': 'grapes_green', 'soldDate': '2026-05-02', 'soldTime': '00:06:50', 'createdAt': '2026-05-02T00:06:49.632953', 'fruitName': 'Green Grapes', 'lineTotal': 45.0, 'unitPrice': 90.0, 'updatedAt': '2026-05-02T00:06:49.632953', 'quantityKg': 0.5, 'updatedDate': '2026-05-02', 'updatedTime': '00:06:49', 'displayMetric': 'kg'}, {'icon': '🍇', 'soldAt': '2026-05-02T00:06:50.798749', 'fruitId': 'grapes_black_seedless', 'soldDate': '2026-05-02', 'soldTime': '00:06:50', 'createdAt': '2026-05-02T00:06:41.062357', 'fruitName': 'Seedless Black Grapes', 'lineTotal': 60.0, 'unitPrice': 120.0, 'updatedAt': '2026-05-02T00:06:41.062357', 'quantityKg': 0.5, 'updatedDate': '2026-05-02', 'updatedTime': '00:06:41', 'displayMetric': 'kg'}]",False,False
TXN-20260502-000658-7545,2026-05-02T00:06:58.323002+00:00,2026-05-02,00:06:58,60.0,1,"[{'icon': '🍌', 'soldAt': '2026-05-02T00:06:58.323002', 'fruitId': 'banana_big', 'soldDate': '2026-05-02', 'soldTime': '00:06:58', 'createdAt': '2026-05-02T00:06:52.885519', 'fruitName': 'Banana', 'lineTotal': 60.0, 'unitPrice': 60.0, 'updatedAt': '2026-05-02T00:06:57.722840', 'quantityKg': 1.0, 'updatedDate': '2026-05-02', 'updatedTime': '00:06:57', 'displayMetric': 'kg'}]",False,False
TXN-20260502-000856-2357,2026-05-02T00:08:56.544746+00:00,2026-05-02,00:08:56,200.0,3,"[{'icon': '🍎', 'soldAt': '2026-05-02T00:08:56.544746', 'fruitId': 'apple_washington', 'soldDate': '2026-05-02', 'soldTime': '00:08:56', 'createdAt': '2026-05-02T00:08:44.105305', 'fruitName': 'Apple Washington', 'lineTotal': 90.0, 'unitPrice': 180.0, 'updatedAt': '2026-05-02T00:08:44.105305', 'quantityKg': 0.5, 'updatedDate': '2026-05-02', 'updatedTime': '00:08:44', 'displayMetric': 'kg'}, {'icon': '🍌', 'soldAt': '2026-05-02T00:08:56.544746', 'fruitId': 'banana_big', 'soldDate': '2026-05-02', 'soldTime': '00:08:56', 'createdAt': '2026-05-02T00:08:45.362359', 'fruitName': 'Banana', 'lineTotal': 60.0, 'unitPrice': 60.0, 'updatedAt': '2026-05-02T00:08:46.007378', 'quantityKg': 1.0, 'updatedDate': '2026-05-02', 'updatedTime': '00:08:46', 'displayMetric': 'kg'}, {'icon': '🍇', 'soldAt': '2026-05-02T00:08:56.544746', 'fruitId': 'grapes_black', 'soldDate': '2026-05-02', 'soldTime': '00:08:56', 'createdAt': '2026-05-02T00:08:47.740607', 'fruitName': 'Black Grapes', 'lineTotal': 50.0, 'unitPrice': 100.0, 'updatedAt': '2026-05-02T00:08:47.740607', 'quantityKg': 0.5, 'updatedDate': '2026-05-02', 'updatedTime': '00:08:47', 'displayMetric': 'kg'}]",False,False
TXN-20260502-001517-6178,2026-05-02T00:15:17.86063+00:00,2026-05-02,00:15:17,110.0,1,"[{'icon': '🍎', 'soldAt': '2026-05-02T00:15:17.860630', 'fruitId': 'apple_poland', 'soldDate': '2026-05-02', 'soldTime': '00:15:17', 'createdAt': '2026-05-02T00:15:16.686236', 'fruitName': 'Apple Poland', 'lineTotal': 110.0, 'unitPrice': 220.0, 'updatedAt': '2026-05-02T00:15:16.686236', 'quantityKg': 0.5, 'updatedDate': '2026-05-02', 'updatedTime': '00:15:16', 'displayMetric': 'kg'}]",False,False
TXN-20260502-001550-2320,2026-05-02T00:15:50.050416+00:00,2026-05-02,00:15:50,90.0,1,"[{'icon': '🍎', 'soldAt': '2026-05-02T00:15:50.050416', 'fruitId': 'apple_washington', 'soldDate': '2026-05-02', 'soldTime': '00:15:50', 'createdAt': '2026-05-02T00:15:49.240719', 'fruitName': 'Apple Washington', 'lineTotal': 90.0, 'unitPrice': 180.0, 'updatedAt': '2026-05-02T00:15:49.240719', 'quantityKg': 0.5, 'updatedDate': '2026-05-02', 'updatedTime': '00:15:49', 'displayMetric': 'kg'}]",False,False
TXN-20260502-001559-1615,2026-05-02T00:15:59.924097+00:00,2026-05-02,00:15:59,35.0,1,"[{'icon': '🥥', 'soldAt': '2026-05-02T00:15:59.924097', 'fruitId': 'custom_coconut', 'soldDate': '2026-05-02', 'soldTime': '00:15:59', 'createdAt': '2026-05-02T00:15:56.665474', 'fruitName': 'Coconut', 'lineTotal': 35.0, 'unitPrice': 70.0, 'updatedAt': '2026-05-02T00:15:56.665474', 'quantityKg': 0.5, 'updatedDate': '2026-05-02', 'updatedTime': '00:15:56', 'displayMetric': 'kg'}]",False,False
TXN-20260502-001554-2576,2026-05-02T00:15:54.807222+00:00,2026-05-02,00:15:54,60.0,1,"[{'icon': '🍌', 'soldAt': '2026-05-02T00:15:54.807222', 'fruitId': 'banana_big', 'soldDate': '2026-05-02', 'soldTime': '00:15:54', 'createdAt': '2026-05-02T00:15:51.473107', 'fruitName': 'Banana', 'lineTotal': 60.0, 'unitPrice': 60.0, 'updatedAt': '2026-05-02T00:15:52.780935', 'quantityKg': 1.0, 'updatedDate': '2026-05-02', 'updatedTime': '00:15:52', 'displayMetric': 'kg'}]",False,False
TXN-20260502-001619-7803,2026-05-02T00:16:19.596723+00:00,2026-05-02,00:16:19,70.0,1,"[{'icon': '🍊', 'soldAt': '2026-05-02T00:16:19.596723', 'fruitId': 'orange_mandarin', 'soldDate': '2026-05-02', 'soldTime': '00:16:19', 'createdAt': '2026-05-02T00:16:01.856371', 'fruitName': 'Mandarin Orange', 'lineTotal': 70.0, 'unitPrice': 140.0, 'updatedAt': '2026-05-02T00:16:01.856371', 'quantityKg': 0.5, 'updatedDate': '2026-05-02', 'updatedTime': '00:16:01', 'displayMetric': 'kg'}]",False,False
TXN-20260502-001645-7797,2026-05-02T00:16:45.225809+00:00,2026-05-02,00:16:45,70.0,1,"[{'icon': '🍊', 'soldAt': '2026-05-02T00:16:45.225809', 'fruitId': 'orange_mandarin', 'soldDate': '2026-05-02', 'soldTime': '00:16:45', 'createdAt': '2026-05-02T00:16:21.096064', 'fruitName': 'Mandarin Orange', 'lineTotal': 70.0, 'unitPrice': 140.0, 'updatedAt': '2026-05-02T00:16:21.096064', 'quantityKg': 0.5, 'updatedDate': '2026-05-02', 'updatedTime': '00:16:21', 'displayMetric': 'kg'}]",False,False
TXN-20260502-001837-1776,2026-05-02T00:18:37.579198+00:00,2026-05-02,00:18:37,80.0,2,"[{'icon': '🍌', 'soldAt': '2026-05-02T00:18:37.579198', 'fruitId': 'banana_big', 'soldDate': '2026-05-02', 'soldTime': '00:18:37', 'createdAt': '2026-05-02T00:18:32.843981', 'fruitName': 'Banana', 'lineTotal': 30.0, 'unitPrice': 60.0, 'updatedAt': '2026-05-02T00:18:32.843981', 'quantityKg': 0.5, 'updatedDate': '2026-05-02', 'updatedTime': '00:18:32', 'displayMetric': 'kg'}, {'icon': '🍇', 'soldAt': '2026-05-02T00:18:37.579198', 'fruitId': 'grapes_black', 'soldDate': '2026-05-02', 'soldTime': '00:18:37', 'createdAt': '2026-05-02T00:18:36.604241', 'fruitName': 'Black Grapes', 'lineTotal': 50.0, 'unitPrice': 100.0, 'updatedAt': '2026-05-02T00:18:36.604241', 'quantityKg': 0.5, 'updatedDate': '2026-05-02', 'updatedTime': '00:18:36', 'displayMetric': 'kg'}]",False,False
TXN-20260502-001842-2704,2026-05-02T00:18:42.57484+00:00,2026-05-02,00:18:42,70.0,1,"[{'icon': '🥥', 'soldAt': '2026-05-02T00:18:42.574840', 'fruitId': 'custom_coconut', 'soldDate': '2026-05-02', 'soldTime': '00:18:42', 'createdAt': '2026-05-02T00:18:39.693602', 'fruitName': 'Coconut', 'lineTotal': 70.0, 'unitPrice': 70.0, 'updatedAt': '2026-05-02T00:18:41.003835', 'quantityKg': 1.0, 'updatedDate': '2026-05-02', 'updatedTime': '00:18:41', 'displayMetric': 'kg'}]",False,False
TXN-20260502-001847-9804,2026-05-02T00:18:47.561829+00:00,2026-05-02,00:18:47,45.0,1,"[{'icon': '🍇', 'soldAt': '2026-05-02T00:18:47.561829', 'fruitId': 'grapes_green', 'soldDate': '2026-05-02', 'soldTime': '00:18:47', 'createdAt': '2026-05-02T00:18:43.752632', 'fruitName': 'Green Grapes', 'lineTotal': 45.0, 'unitPrice': 90.0, 'updatedAt': '2026-05-02T00:18:43.752632', 'quantityKg': 0.5, 'updatedDate': '2026-05-02', 'updatedTime': '00:18:43', 'displayMetric': 'kg'}]",False,False
TXN-20260502-001853-1767,2026-05-02T00:18:53.575465+00:00,2026-05-02,00:18:53,70.0,1,"[{'icon': '🍊', 'soldAt': '2026-05-02T00:18:53.575465', 'fruitId': 'orange_mandarin', 'soldDate': '2026-05-02', 'soldTime': '00:18:53', 'createdAt': '2026-05-02T00:18:48.964331', 'fruitName': 'Mandarin Orange', 'lineTotal': 70.0, 'unitPrice': 140.0, 'updatedAt': '2026-05-02T00:18:48.964331', 'quantityKg': 0.5, 'updatedDate': '2026-05-02', 'updatedTime': '00:18:48', 'displayMetric': 'kg'}]",False,False
TXN-20260502-001902-9310,2026-05-02T00:19:02.708044+00:00,2026-05-02,00:19:02,130.0,1,"[{'icon': '🍊', 'soldAt': '2026-05-02T00:19:02.708044', 'fruitId': 'orange_nagpur', 'soldDate': '2026-05-02', 'soldTime': '00:19:02', 'createdAt': '2026-05-02T00:19:00.014939', 'fruitName': 'Nagpur Orange', 'lineTotal': 130.0, 'unitPrice': 130.0, 'updatedAt': '2026-05-02T00:19:01.485469', 'quantityKg': 1.0, 'updatedDate': '2026-05-02', 'updatedTime': '00:19:01', 'displayMetric': 'kg'}]",False,False
TXN-20260502-001907-7476,2026-05-02T00:19:07.508968+00:00,2026-05-02,00:19:07,75.0,1,"[{'icon': '🥭', 'soldAt': '2026-05-02T00:19:07.508968', 'fruitId': 'papaya', 'soldDate': '2026-05-02', 'soldTime': '00:19:07', 'createdAt': '2026-05-02T00:19:05.737800', 'fruitName': 'Papaya', 'lineTotal': 75.0, 'unitPrice': 50.0, 'updatedAt': '2026-05-02T00:19:06.921827', 'quantityKg': 1.5, 'updatedDate': '2026-05-02', 'updatedTime': '00:19:06', 'displayMetric': 'kg'}]",False,False
TXN-20260502-001912-7936,2026-05-02T00:19:12.963483+00:00,2026-05-02,00:19:12,80.0,1,"[{'icon': '🍎', 'soldAt': '2026-05-02T00:19:12.963483', 'fruitId': 'pomegranate', 'soldDate': '2026-05-02', 'soldTime': '00:19:12', 'createdAt': '2026-05-02T00:19:09.459063', 'fruitName': 'Pomegranate', 'lineTotal': 80.0, 'unitPrice': 160.0, 'updatedAt': '2026-05-02T00:19:09.459063', 'quantityKg': 0.5, 'updatedDate': '2026-05-02', 'updatedTime': '00:19:09', 'displayMetric': 'kg'}]",False,False
TXN-20260502-001936-2534,2026-05-02T00:19:36.283154+00:00,2026-05-02,00:19:36,48.0,1,"[{'icon': '🍎', 'soldAt': '2026-05-02T00:19:36.283154', 'fruitId': 'pomegranate', 'soldDate': '2026-05-02', 'soldTime': '00:19:36', 'createdAt': '2026-05-02T00:19:21.885598', 'fruitName': 'Pomegranate', 'lineTotal': 48.0, 'unitPrice': 160.0, 'updatedAt': '2026-05-02T00:19:34.470016', 'quantityKg': 0.3, 'updatedDate': '2026-05-02', 'updatedTime': '00:19:34', 'displayMetric': 'g'}]",False,False
TXN-20260502-001942-2063,2026-05-02T00:19:42.381079+00:00,2026-05-02,00:19:42,115.0,2,"[{'icon': '🍇', 'soldAt': '2026-05-02T00:19:42.381079', 'fruitId': 'grapes_black_seedless', 'soldDate': '2026-05-02', 'soldTime': '00:19:42', 'createdAt': '2026-05-02T00:19:38.287399', 'fruitName': 'Seedless Black Grapes', 'lineTotal': 60.0, 'unitPrice': 120.0, 'updatedAt': '2026-05-02T00:19:38.287399', 'quantityKg': 0.5, 'updatedDate': '2026-05-02', 'updatedTime': '00:19:38', 'displayMetric': 'kg'}, {'icon': '🍇', 'soldAt': '2026-05-02T00:19:42.381079', 'fruitId': 'grapes_green_seedless', 'soldDate': '2026-05-02', 'soldTime': '00:19:42', 'createdAt': '2026-05-02T00:19:41.242329', 'fruitName': 'Seedless Green Grapes', 'lineTotal': 55.0, 'unitPrice': 110.0, 'updatedAt': '2026-05-02T00:19:41.242329', 'quantityKg': 0.5, 'updatedDate': '2026-05-02', 'updatedTime': '00:19:41', 'displayMetric': 'kg'}]",False,False
TXN-20260502-001958-4725,2026-05-02T00:19:58.024131+00:00,2026-05-02,00:19:58,270.0,2,"[{'icon': '🍉', 'soldAt': '2026-05-02T00:19:58.024131', 'fruitId': 'watermelon_kiran', 'soldDate': '2026-05-02', 'soldTime': '00:19:58', 'createdAt': '2026-05-02T00:19:44.671661', 'fruitName': 'Watermelon Kiran', 'lineTotal': 180.0, 'unitPrice': 45.0, 'updatedAt': '2026-05-02T00:19:46.844267', 'quantityKg': 4.0, 'updatedDate': '2026-05-02', 'updatedTime': '00:19:46', 'displayMetric': 'kg'}, {'icon': '🍌', 'soldAt': '2026-05-02T00:19:58.024131', 'fruitId': 'banana_yelakki', 'soldDate': '2026-05-02', 'soldTime': '00:19:58', 'createdAt': '2026-05-02T00:19:48.557426', 'fruitName': 'Yelakki Banana', 'lineTotal': 90.0, 'unitPrice': 90.0, 'updatedAt': '2026-05-02T00:19:49.928530', 'quantityKg': 1.0, 'updatedDate': '2026-05-02', 'updatedTime': '00:19:49', 'displayMetric': 'kg'}]",False,False
TXN-20260502-084540-6203,2026-05-02T08:45:40.650028+00:00,2026-05-02,08:45:40,90.0,1,"[{'icon': '🍎', 'soldAt': '2026-05-02T08:45:40.650028', 'fruitId': 'apple_washington', 'soldDate': '2026-05-02', 'soldTime': '08:45:40', 'createdAt': '2026-05-02T00:09:00.717100', 'fruitName': 'Apple Washington', 'lineTotal': 90.0, 'unitPrice': 180.0, 'updatedAt': '2026-05-02T08:45:37.204560', 'quantityKg': 0.5, 'updatedDate': '2026-05-02', 'updatedTime': '08:45:37', 'displayMetric': 'kg'}]",False,False
TXN-20260502-084550-9791,2026-05-02T08:45:50.035475+00:00,2026-05-02,08:45:50,200.0,1,"[{'icon': '🍇', 'soldAt': '2026-05-02T08:45:50.035475', 'fruitId': 'grapes_black', 'soldDate': '2026-05-02', 'soldTime': '08:45:50', 'createdAt': '2026-05-02T08:45:44.235316', 'fruitName': 'Black Grapes', 'lineTotal': 200.0, 'unitPrice': 100.0, 'updatedAt': '2026-05-02T08:45:48.818932', 'quantityKg': 2.0, 'updatedDate': '2026-05-02', 'updatedTime': '08:45:48', 'displayMetric': 'kg'}]",False,False
TXN-20260502-084555-1625,2026-05-02T08:45:55.207622+00:00,2026-05-02,08:45:55,70.0,1,"[{'icon': '🍊', 'soldAt': '2026-05-02T08:45:55.207622', 'fruitId': 'orange_mandarin', 'soldDate': '2026-05-02', 'soldTime': '08:45:55', 'createdAt': '2026-05-02T08:45:53.292017', 'fruitName': 'Mandarin Orange', 'lineTotal': 70.0, 'unitPrice': 140.0, 'updatedAt': '2026-05-02T08:45:53.292017', 'quantityKg': 0.5, 'updatedDate': '2026-05-02', 'updatedTime': '08:45:53', 'displayMetric': 'kg'}]",False,False
TXN-20260502-114711-5886,2026-05-02T11:47:11.245619+00:00,2026-05-02,11:47:11,135.0,1,"[{'icon': '🍇', 'soldAt': '2026-05-02T11:47:11.245619', 'fruitId': 'grapes_green', 'soldDate': '2026-05-02', 'soldTime': '11:47:11', 'createdAt': '2026-05-02T11:47:07.727789', 'fruitName': 'Green Grapes', 'lineTotal': 135.0, 'unitPrice': 90.0, 'updatedAt': '2026-05-02T11:47:10.206625', 'quantityKg': 1.5, 'updatedDate': '2026-05-02', 'updatedTime': '11:47:10', 'displayMetric': 'kg'}]",False,False
TXN-20260502-114825-9224,2026-05-02T11:48:25.841243+00:00,2026-05-02,11:48:25,60.0,1,"[{'icon': '🍌', 'soldAt': '2026-05-02T11:48:25.841243', 'fruitId': 'banana_big', 'soldDate': '2026-05-02', 'soldTime': '11:48:25', 'createdAt': '2026-05-02T11:48:23.003772', 'fruitName': 'Banana', 'lineTotal': 60.0, 'unitPrice': 60.0, 'updatedAt': '2026-05-02T11:48:24.439394', 'quantityKg': 1.0, 'updatedDate': '2026-05-02', 'updatedTime': '11:48:24', 'displayMetric': 'kg'}]",False,False
TXN-20260502-114849-1484,2026-05-02T11:48:49.919214+00:00,2026-05-02,11:48:49,200.0,1,"[{'icon': '🍌', 'soldAt': '2026-05-02T11:48:49.919214', 'fruitId': 'banana_big', 'soldDate': '2026-05-02', 'soldTime': '11:48:49', 'createdAt': '2026-05-02T11:48:35.743985', 'fruitName': 'Banana', 'lineTotal': 200.0, 'unitPrice': 40.0, 'updatedAt': '2026-05-02T11:48:47.633875', 'quantityKg': 5.0, 'updatedDate': '2026-05-02', 'updatedTime': '11:48:47', 'displayMetric': 'kg'}]",False,False
TXN-20260502-190317-3466,2026-05-02T19:03:17.608685+00:00,2026-05-02,19:03:17,90.0,1,"[{'icon': '🍎', 'soldAt': '2026-05-02T19:03:17.608685', 'fruitId': 'apple_washington', 'soldDate': '2026-05-02', 'soldTime': '19:03:17', 'createdAt': '2026-05-02T19:03:14.271494', 'fruitName': 'Apple Washington', 'lineTotal': 90.0, 'unitPrice': 180.0, 'updatedAt': '2026-05-02T19:03:14.271494', 'quantityKg': 0.5, 'updatedDate': '2026-05-02', 'updatedTime': '19:03:14', 'displayMetric': 'kg'}]",False,False
TXN-20260508-162422-4530,2026-05-08T16:24:22.189194+00:00,2026-05-08,16:24:22,30.0,1,"[{'icon': '🍌', 'soldAt': '2026-05-08T16:24:22.189194', 'fruitId': 'banana_big', 'soldDate': '2026-05-08', 'soldTime': '16:24:22', 'createdAt': '2026-05-08T16:24:20.067156', 'fruitName': 'Banana', 'lineTotal': 30.0, 'unitPrice': 60.0, 'updatedAt': '2026-05-08T16:24:20.067156', 'quantityKg': 0.5, 'updatedDate': '2026-05-08', 'updatedTime': '16:24:20', 'displayMetric': 'kg'}]",False,False
TXN-20260508-162433-1634,2026-05-08T16:24:33.380643+00:00,2026-05-08,16:24:33,85.0,2,"[{'icon': '🍇', 'soldAt': '2026-05-08T16:24:33.380643', 'fruitId': 'grapes_black', 'soldDate': '2026-05-08', 'soldTime': '16:24:33', 'createdAt': '2026-05-08T16:24:25.945526', 'fruitName': 'Black Grapes', 'lineTotal': 50.0, 'unitPrice': 100.0, 'updatedAt': '2026-05-08T16:24:25.945526', 'quantityKg': 0.5, 'updatedDate': '2026-05-08', 'updatedTime': '16:24:25', 'displayMetric': 'kg'}, {'icon': '🥥', 'soldAt': '2026-05-08T16:24:33.380643', 'fruitId': 'custom_coconut', 'soldDate': '2026-05-08', 'soldTime': '16:24:33', 'createdAt': '2026-05-08T16:24:28.608822', 'fruitName': 'Coconut', 'lineTotal': 35.0, 'unitPrice': 70.0, 'updatedAt': '2026-05-08T16:24:28.608822', 'quantityKg': 0.5, 'updatedDate': '2026-05-08', 'updatedTime': '16:24:28', 'displayMetric': 'kg'}]",False,False
TXN-20260508-162440-6740,2026-05-08T16:24:40.272142+00:00,2026-05-08,16:24:40,65.0,1,"[{'icon': '🍊', 'soldAt': '2026-05-08T16:24:40.272142', 'fruitId': 'orange_nagpur', 'soldDate': '2026-05-08', 'soldTime': '16:24:40', 'createdAt': '2026-05-08T16:24:35.551184', 'fruitName': 'Nagpur Orange', 'lineTotal': 65.0, 'unitPrice': 130.0, 'updatedAt': '2026-05-08T16:24:35.551184', 'quantityKg': 0.5, 'updatedDate': '2026-05-08', 'updatedTime': '16:24:35', 'displayMetric': 'kg'}]",False,False
TXN-20260508-164529-2713,2026-05-08T16:45:29.447+00:00,2026-05-08,16:45:29,230.0,3,"[{'icon': '🍎', 'soldAt': '2026-05-08T16:45:29.447', 'fruitId': 'apple_poland', 'soldDate': '2026-05-08', 'soldTime': '16:45:29', 'createdAt': '2026-05-08T16:45:24.193', 'fruitName': 'Apple Poland', 'lineTotal': 110, 'unitPrice': 220, 'updatedAt': '2026-05-08T16:45:24.193', 'quantityKg': 0.5, 'updatedDate': '2026-05-08', 'updatedTime': '16:45:24', 'displayMetric': 'kg'}, {'icon': '🍎', 'soldAt': '2026-05-08T16:45:29.447', 'fruitId': 'apple_washington', 'soldDate': '2026-05-08', 'soldTime': '16:45:29', 'createdAt': '2026-05-08T16:45:25.253', 'fruitName': 'Apple Washington', 'lineTotal': 90, 'unitPrice': 180, 'updatedAt': '2026-05-08T16:45:25.253', 'quantityKg': 0.5, 'updatedDate': '2026-05-08', 'updatedTime': '16:45:25', 'displayMetric': 'kg'}, {'icon': '🍒', 'soldAt': '2026-05-08T16:45:29.447', 'fruitId': 'custom_cherry', 'soldDate': '2026-05-08', 'soldTime': '16:45:29', 'createdAt': '2026-05-08T16:45:28.122', 'fruitName': 'Cherry', 'lineTotal': 30, 'unitPrice': 120, 'updatedAt': '2026-05-08T16:45:28.122', 'quantityKg': 0.25, 'updatedDate': '2026-05-08', 'updatedTime': '16:45:28', 'displayMetric': 'kg'}]",False,False
TXN-20260508-164533-6759,2026-05-08T16:45:33.304+00:00,2026-05-08,16:45:33,40.0,1,"[{'icon': '🍋', 'soldAt': '2026-05-08T16:45:33.304', 'fruitId': 'musambi', 'soldDate': '2026-05-08', 'soldTime': '16:45:33', 'createdAt': '2026-05-08T16:45:31.728', 'fruitName': 'Musambi', 'lineTotal': 40, 'unitPrice': 80, 'updatedAt': '2026-05-08T16:45:31.728', 'quantityKg': 0.5, 'updatedDate': '2026-05-08', 'updatedTime': '16:45:31', 'displayMetric': 'kg'}]",False,False
TXN-20260508-164536-3811,2026-05-08T16:45:36.859+00:00,2026-05-08,16:45:36,130.0,1,"[{'icon': '🍊', 'soldAt': '2026-05-08T16:45:36.859', 'fruitId': 'orange_nagpur', 'soldDate': '2026-05-08', 'soldTime': '16:45:36', 'createdAt': '2026-05-08T16:45:34.133', 'fruitName': 'Nagpur Orange', 'lineTotal': 130, 'unitPrice': 130, 'updatedAt': '2026-05-08T16:45:35.197', 'quantityKg': 1, 'updatedDate': '2026-05-08', 'updatedTime': '16:45:35', 'displayMetric': 'kg'}]",False,False
TXN-20260508-164542-7728,2026-05-08T16:45:42.656+00:00,2026-05-08,16:45:42,55.0,1,"[{'icon': '🍇', 'soldAt': '2026-05-08T16:45:42.656', 'fruitId': 'grapes_green_seedless', 'soldDate': '2026-05-08', 'soldTime': '16:45:42', 'createdAt': '2026-05-08T16:45:40.830', 'fruitName': 'Seedless Green Grapes', 'lineTotal': 55, 'unitPrice': 110, 'updatedAt': '2026-05-08T16:45:40.830', 'quantityKg': 0.5, 'updatedDate': '2026-05-08', 'updatedTime': '16:45:40', 'displayMetric': 'kg'}]",False,False
TXN-20260508-164546-5832,2026-05-08T16:45:46.557+00:00,2026-05-08,16:45:46,90.0,1,"[{'icon': '🍌', 'soldAt': '2026-05-08T16:45:46.557', 'fruitId': 'banana_yelakki', 'soldDate': '2026-05-08', 'soldTime': '16:45:46', 'createdAt': '2026-05-08T16:45:44.541', 'fruitName': 'Yelakki Banana', 'lineTotal': 90, 'unitPrice': 90, 'updatedAt': '2026-05-08T16:45:45.435', 'quantityKg': 1, 'updatedDate': '2026-05-08', 'updatedTime': '16:45:45', 'displayMetric': 'kg'}]",False,False
TXN-20260508-165010-6350,2026-05-08T16:50:10.436+00:00,2026-05-08,16:50:10,95.0,2,"[{'icon': '🍇', 'soldAt': '2026-05-08T16:50:10.436', 'fruitId': 'grapes_black', 'soldDate': '2026-05-08', 'soldTime': '16:50:10', 'createdAt': '2026-05-08T16:50:07.877', 'fruitName': 'Black Grapes', 'lineTotal': 50, 'unitPrice': 100, 'updatedAt': '2026-05-08T16:50:07.877', 'quantityKg': 0.5, 'updatedDate': '2026-05-08', 'updatedTime': '16:50:07', 'displayMetric': 'kg'}, {'icon': '🍇', 'soldAt': '2026-05-08T16:50:10.436', 'fruitId': 'grapes_green', 'soldDate': '2026-05-08', 'soldTime': '16:50:10', 'createdAt': '2026-05-08T16:50:09.397', 'fruitName': 'Green Grapes', 'lineTotal': 45, 'unitPrice': 90, 'updatedAt': '2026-05-08T16:50:09.397', 'quantityKg': 0.5, 'updatedDate': '2026-05-08', 'updatedTime': '16:50:09', 'displayMetric': 'kg'}]",False,False
TXN-20260508-165016-1085,2026-05-08T16:50:16.88+00:00,2026-05-08,16:50:16,100.0,2,"[{'icon': '🍋', 'soldAt': '2026-05-08T16:50:16.880', 'fruitId': 'musambi', 'soldDate': '2026-05-08', 'soldTime': '16:50:16', 'createdAt': '2026-05-08T16:50:12.686', 'fruitName': 'Musambi', 'lineTotal': 40, 'unitPrice': 80, 'updatedAt': '2026-05-08T16:50:12.686', 'quantityKg': 0.5, 'updatedDate': '2026-05-08', 'updatedTime': '16:50:12', 'displayMetric': 'kg'}, {'icon': '🍊', 'soldAt': '2026-05-08T16:50:16.880', 'fruitId': 'orange_citrus', 'soldDate': '2026-05-08', 'soldTime': '16:50:16', 'createdAt': '2026-05-08T16:50:16.191', 'fruitName': 'Orange Citrus', 'lineTotal': 60, 'unitPrice': 120, 'updatedAt': '2026-05-08T16:50:16.191', 'quantityKg': 0.5, 'updatedDate': '2026-05-08', 'updatedTime': '16:50:16', 'displayMetric': 'kg'}]",False,False
TXN-20260508-165020-8829,2026-05-08T16:50:20.171+00:00,2026-05-08,16:50:20,105.0,2,"[{'icon': '🥭', 'soldAt': '2026-05-08T16:50:20.171', 'fruitId': 'papaya', 'soldDate': '2026-05-08', 'soldTime': '16:50:20', 'createdAt': '2026-05-08T16:50:17.795', 'fruitName': 'Papaya', 'lineTotal': 25, 'unitPrice': 50, 'updatedAt': '2026-05-08T16:50:17.795', 'quantityKg': 0.5, 'updatedDate': '2026-05-08', 'updatedTime': '16:50:17', 'displayMetric': 'kg'}, {'icon': '🍎', 'soldAt': '2026-05-08T16:50:20.171', 'fruitId': 'pomegranate', 'soldDate': '2026-05-08', 'soldTime': '16:50:20', 'createdAt': '2026-05-08T16:50:19.041', 'fruitName': 'Pomegranate', 'lineTotal': 80, 'unitPrice': 160, 'updatedAt': '2026-05-08T16:50:19.041', 'quantityKg': 0.5, 'updatedDate': '2026-05-08', 'updatedTime': '16:50:19', 'displayMetric': 'kg'}]",False,False
TXN-20260508-170217-5088,2026-05-08T17:02:17.31+00:00,2026-05-08,17:02:17,110.0,1,"[{'icon': '🍎', 'soldAt': '2026-05-08T17:02:17.310', 'fruitId': 'apple_poland', 'soldDate': '2026-05-08', 'soldTime': '17:02:17', 'createdAt': '2026-05-08T17:02:16.064', 'fruitName': 'Apple Poland', 'lineTotal': 110, 'unitPrice': 220, 'updatedAt': '2026-05-08T17:02:16.064', 'quantityKg': 0.5, 'updatedDate': '2026-05-08', 'updatedTime': '17:02:16', 'displayMetric': 'kg'}]",False,False
TXN-20260508-172902-5161,2026-05-08T17:29:02.820878+00:00,2026-05-08,17:29:02,45.0,1,"[{'icon': '🍌', 'soldAt': '2026-05-08T17:29:02.820878', 'fruitId': 'banana_yelakki', 'soldDate': '2026-05-08', 'soldTime': '17:29:02', 'createdAt': '2026-05-08T17:29:01.653834', 'fruitName': 'Yelakki Banana', 'lineTotal': 45.0, 'unitPrice': 90.0, 'updatedAt': '2026-05-08T17:29:01.653834', 'quantityKg': 0.5, 'updatedDate': '2026-05-08', 'updatedTime': '17:29:01', 'displayMetric': 'kg'}]",False,False
TXN-20260508-172946-4183,2026-05-08T17:29:46.169238+00:00,2026-05-08,17:29:46,40.0,1,"[{'icon': '🍌', 'soldAt': '2026-05-08T17:29:46.169238', 'fruitId': 'banana_big', 'soldDate': '2026-05-08', 'soldTime': '17:29:46', 'createdAt': '2026-05-08T17:29:44.202683', 'fruitName': 'Banana', 'lineTotal': 40.0, 'unitPrice': 40.0, 'updatedAt': '2026-05-08T17:29:45.020081', 'quantityKg': 1.0, 'updatedDate': '2026-05-08', 'updatedTime': '17:29:45', 'displayMetric': 'kg'}]",False,False
TXN-20260508-172951-1994,2026-05-08T17:29:51.789129+00:00,2026-05-08,17:29:51,50.0,1,"[{'icon': '🍇', 'soldAt': '2026-05-08T17:29:51.789129', 'fruitId': 'grapes_black', 'soldDate': '2026-05-08', 'soldTime': '17:29:51', 'createdAt': '2026-05-08T17:29:48.754653', 'fruitName': 'Black Grapes', 'lineTotal': 50.0, 'unitPrice': 100.0, 'updatedAt': '2026-05-08T17:29:48.754653', 'quantityKg': 0.5, 'updatedDate': '2026-05-08', 'updatedTime': '17:29:48', 'displayMetric': 'kg'}]",False,False
TXN-20260508-173006-1430,2026-05-08T17:30:06.529685+00:00,2026-05-08,17:30:06,245.0,3,"[{'icon': '🍊', 'soldAt': '2026-05-08T17:30:06.529685', 'fruitId': 'orange_mandarin', 'soldDate': '2026-05-08', 'soldTime': '17:30:06', 'createdAt': '2026-05-08T17:29:55.308048', 'fruitName': 'Mandarin Orange', 'lineTotal': 140.0, 'unitPrice': 140.0, 'updatedAt': '2026-05-08T17:30:05.324211', 'quantityKg': 1.0, 'updatedDate': '2026-05-08', 'updatedTime': '17:30:05', 'displayMetric': 'kg'}, {'icon': '🍋', 'soldAt': '2026-05-08T17:30:06.529685', 'fruitId': 'musambi', 'soldDate': '2026-05-08', 'soldTime': '17:30:06', 'createdAt': '2026-05-08T17:29:56.858287', 'fruitName': 'Musambi', 'lineTotal': 40.0, 'unitPrice': 80.0, 'updatedAt': '2026-05-08T17:29:56.858287', 'quantityKg': 0.5, 'updatedDate': '2026-05-08', 'updatedTime': '17:29:56', 'displayMetric': 'kg'}, {'icon': '🍊', 'soldAt': '2026-05-08T17:30:06.529685', 'fruitId': 'orange_nagpur', 'soldDate': '2026-05-08', 'soldTime': '17:30:06', 'createdAt': '2026-05-08T17:29:58.842368', 'fruitName': 'Nagpur Orange', 'lineTotal': 65.0, 'unitPrice': 130.0, 'updatedAt': '2026-05-08T17:29:58.842368', 'quantityKg': 0.5, 'updatedDate': '2026-05-08', 'updatedTime': '17:29:58', 'displayMetric': 'kg'}]",False,False
TXN-20260508-182125-9026,2026-05-08T18:21:25.678049+00:00,2026-05-08,18:21:25,90.0,1,"[{'icon': '🍎', 'soldAt': '2026-05-08T18:21:25.678049', 'fruitId': 'apple_washington', 'soldDate': '2026-05-08', 'soldTime': '18:21:25', 'createdAt': '2026-05-08T18:21:23.744466', 'fruitName': 'Apple Washington', 'lineTotal': 90.0, 'unitPrice': 180.0, 'updatedAt': '2026-05-08T18:21:23.744466', 'quantityKg': 0.5, 'updatedDate': '2026-05-08', 'updatedTime': '18:21:23', 'displayMetric': 'kg'}]",False,False
TXN-20260508-182220-6117,2026-05-08T18:22:20.811029+00:00,2026-05-08,18:22:20,180.0,1,"[{'icon': '🍎', 'soldAt': '2026-05-08T18:22:20.811029', 'fruitId': 'apple_washington', 'soldDate': '2026-05-08', 'soldTime': '18:22:20', 'createdAt': '2026-05-08T18:22:14.727872', 'fruitName': 'Apple Washington', 'lineTotal': 180.0, 'unitPrice': 180.0, 'updatedAt': '2026-05-08T18:22:17.497922', 'quantityKg': 1.0, 'updatedDate': '2026-05-08', 'updatedTime': '18:22:17', 'displayMetric': 'kg'}]",False,False
TXN-20260508-212356-7567,2026-05-08T21:23:56.709837+00:00,2026-05-08,21:23:56,90.0,1,"[{'icon': '🍎', 'soldAt': '2026-05-08T21:23:56.709837', 'fruitId': 'apple_washington', 'soldDate': '2026-05-08', 'soldTime': '21:23:56', 'createdAt': '2026-05-08T21:23:55.493085', 'fruitName': 'Apple Washington', 'lineTotal': 90.0, 'unitPrice': 180.0, 'updatedAt': '2026-05-08T21:23:55.493085', 'quantityKg': 0.5, 'updatedDate': '2026-05-08', 'updatedTime': '21:23:55', 'displayMetric': 'kg'}]",False,False
TXN-20260508-212403-1151,2026-05-08T21:24:03.474202+00:00,2026-05-08,21:24:03,40.0,1,"[{'icon': '🍌', 'soldAt': '2026-05-08T21:24:03.474202', 'fruitId': 'banana_big', 'soldDate': '2026-05-08', 'soldTime': '21:24:03', 'createdAt': '2026-05-08T21:24:00.692424', 'fruitName': 'Banana', 'lineTotal': 40.0, 'unitPrice': 40.0, 'updatedAt': '2026-05-08T21:24:02.825059', 'quantityKg': 1.0, 'updatedDate': '2026-05-08', 'updatedTime': '21:24:02', 'displayMetric': 'kg'}]",False,False
TXN-20260508-212413-4059,2026-05-08T21:24:13.596059+00:00,2026-05-08,21:24:13,22.5,1,"[{'icon': '🍇', 'soldAt': '2026-05-08T21:24:13.596059', 'fruitId': 'grapes_green', 'soldDate': '2026-05-08', 'soldTime': '21:24:13', 'createdAt': '2026-05-08T21:24:10.941912', 'fruitName': 'Green Grapes', 'lineTotal': 22.5, 'unitPrice': 90.0, 'updatedAt': '2026-05-08T21:24:10.941912', 'quantityKg': 0.25, 'updatedDate': '2026-05-08', 'updatedTime': '21:24:10', 'displayMetric': 'g'}]",False,False
TXN-20260508-212424-1945,2026-05-08T21:24:24.875188+00:00,2026-05-08,21:24:24,200.0,3,"[{'icon': '🍌', 'soldAt': '2026-05-08T21:24:24.875188', 'fruitId': 'banana_big', 'soldDate': '2026-05-08', 'soldTime': '21:24:24', 'createdAt': '2026-05-08T21:24:22.597909', 'fruitName': 'Banana', 'lineTotal': 20.0, 'unitPrice': 40.0, 'updatedAt': '2026-05-08T21:24:22.597909', 'quantityKg': 0.5, 'updatedDate': '2026-05-08', 'updatedTime': '21:24:22', 'displayMetric': 'kg'}, {'icon': '🍊', 'soldAt': '2026-05-08T21:24:24.875188', 'fruitId': 'orange_mandarin', 'soldDate': '2026-05-08', 'soldTime': '21:24:24', 'createdAt': '2026-05-08T21:24:16.657256', 'fruitName': 'Mandarin Orange', 'lineTotal': 140.0, 'unitPrice': 140.0, 'updatedAt': '2026-05-08T21:24:17.305582', 'quantityKg': 1.0, 'updatedDate': '2026-05-08', 'updatedTime': '21:24:17', 'displayMetric': 'kg'}, {'icon': '🍋', 'soldAt': '2026-05-08T21:24:24.875188', 'fruitId': 'musambi', 'soldDate': '2026-05-08', 'soldTime': '21:24:24', 'createdAt': '2026-05-08T21:24:19.602908', 'fruitName': 'Musambi', 'lineTotal': 40.0, 'unitPrice': 80.0, 'updatedAt': '2026-05-08T21:24:19.602908', 'quantityKg': 0.5, 'updatedDate': '2026-05-08', 'updatedTime': '21:24:19', 'displayMetric': 'kg'}]",False,False
TXN-20260508-212439-8210,2026-05-08T21:24:39.425478+00:00,2026-05-08,21:24:39,315.0,2,"[{'icon': '🍉', 'soldAt': '2026-05-08T21:24:39.425478', 'fruitId': 'watermelon_kiran', 'soldDate': '2026-05-08', 'soldTime': '21:24:39', 'createdAt': '2026-05-08T21:24:35.172619', 'fruitName': 'Watermelon Kiran', 'lineTotal': 225.0, 'unitPrice': 45.0, 'updatedAt': '2026-05-08T21:24:38.134009', 'quantityKg': 5.0, 'updatedDate': '2026-05-08', 'updatedTime': '21:24:38', 'displayMetric': 'kg'}, {'icon': '🍌', 'soldAt': '2026-05-08T21:24:39.425478', 'fruitId': 'banana_yelakki', 'soldDate': '2026-05-08', 'soldTime': '21:24:39', 'createdAt': '2026-05-08T21:24:26.633595', 'fruitName': 'Yelakki Banana', 'lineTotal': 90.0, 'unitPrice': 90.0, 'updatedAt': '2026-05-08T21:24:27.246425', 'quantityKg': 1.0, 'updatedDate': '2026-05-08', 'updatedTime': '21:24:27', 'displayMetric': 'kg'}]",False,False
TXN-20260508-220952-6118,2026-05-08T22:09:52.794752+00:00,2026-05-08,22:09:52,90.0,1,"[{'icon': '🍎', 'soldAt': '2026-05-08T22:09:52.794752', 'fruitId': 'apple_washington', 'soldDate': '2026-05-08', 'soldTime': '22:09:52', 'createdAt': '2026-05-08T22:09:51.652512', 'fruitName': 'Apple Washington', 'lineTotal': 90.0, 'unitPrice': 180.0, 'updatedAt': '2026-05-08T22:09:51.652512', 'quantityKg': 0.5, 'updatedDate': '2026-05-08', 'updatedTime': '22:09:51', 'displayMetric': 'kg'}]",False,False
TXN-20260508-220957-9378,2026-05-08T22:09:57.785217+00:00,2026-05-08,22:09:57,40.0,1,"[{'icon': '🍌', 'soldAt': '2026-05-08T22:09:57.785217', 'fruitId': 'banana_big', 'soldDate': '2026-05-08', 'soldTime': '22:09:57', 'createdAt': '2026-05-08T22:09:54.261859', 'fruitName': 'Banana', 'lineTotal': 40.0, 'unitPrice': 40.0, 'updatedAt': '2026-05-08T22:09:55.965220', 'quantityKg': 1.0, 'updatedDate': '2026-05-08', 'updatedTime': '22:09:55', 'displayMetric': 'kg'}]",False,False
TXN-20260508-221028-9474,2026-05-08T22:10:28.4944+00:00,2026-05-08,22:10:28,25.0,1,"[{'icon': '🍇', 'soldAt': '2026-05-08T22:10:28.494400', 'fruitId': 'grapes_black', 'soldDate': '2026-05-08', 'soldTime': '22:10:28', 'createdAt': '2026-05-08T22:09:59.409664', 'fruitName': 'Black Grapes', 'lineTotal': 25.0, 'unitPrice': 100.0, 'updatedAt': '2026-05-08T22:10:26.826588', 'quantityKg': 0.25, 'updatedDate': '2026-05-08', 'updatedTime': '22:10:26', 'displayMetric': 'g'}]",False,False
TXN-20260508-221049-8466,2026-05-08T22:10:49.337949+00:00,2026-05-08,22:10:49,45.0,1,"[{'icon': '🍇', 'soldAt': '2026-05-08T22:10:49.337949', 'fruitId': 'grapes_green', 'soldDate': '2026-05-08', 'soldTime': '22:10:49', 'createdAt': '2026-05-08T22:10:30.129239', 'fruitName': 'Green Grapes', 'lineTotal': 45.0, 'unitPrice': 90.0, 'updatedAt': '2026-05-08T22:10:47.141990', 'quantityKg': 0.5, 'updatedDate': '2026-05-08', 'updatedTime': '22:10:47', 'displayMetric': 'g'}]",False,False
TXN-20260508-221054-1226,2026-05-08T22:10:54.790587+00:00,2026-05-08,22:10:54,70.0,1,"[{'icon': '🍊', 'soldAt': '2026-05-08T22:10:54.790587', 'fruitId': 'orange_mandarin', 'soldDate': '2026-05-08', 'soldTime': '22:10:54', 'createdAt': '2026-05-08T22:10:50.839913', 'fruitName': 'Mandarin Orange', 'lineTotal': 70.0, 'unitPrice': 140.0, 'updatedAt': '2026-05-08T22:10:50.839913', 'quantityKg': 0.5, 'updatedDate': '2026-05-08', 'updatedTime': '22:10:50', 'displayMetric': 'kg'}]",False,False
TXN-20260508-224345-2870,2026-05-08T22:43:45.486121+00:00,2026-05-08,22:43:45,20.0,1,"[{'icon': '🍌', 'soldAt': '2026-05-08T22:43:45.486121', 'fruitId': 'banana_big', 'soldDate': '2026-05-08', 'soldTime': '22:43:45', 'createdAt': '2026-05-08T22:43:44.623465', 'fruitName': 'Banana', 'lineTotal': 20.0, 'unitPrice': 40.0, 'updatedAt': '2026-05-08T22:43:44.623465', 'quantityKg': 0.5, 'updatedDate': '2026-05-08', 'updatedTime': '22:43:44', 'displayMetric': 'kg'}]",False,False
TXN-20260508-224350-4090,2026-05-08T22:43:50.845219+00:00,2026-05-08,22:43:50,50.0,1,"[{'icon': '🍇', 'soldAt': '2026-05-08T22:43:50.845219', 'fruitId': 'grapes_black', 'soldDate': '2026-05-08', 'soldTime': '22:43:50', 'createdAt': '2026-05-08T22:43:46.849056', 'fruitName': 'Black Grapes', 'lineTotal': 50.0, 'unitPrice': 100.0, 'updatedAt': '2026-05-08T22:43:46.849056', 'quantityKg': 0.5, 'updatedDate': '2026-05-08', 'updatedTime': '22:43:46', 'displayMetric': 'kg'}]",False,False
TXN-20260509-145131-8290,2026-05-09T14:51:31.531106+00:00,2026-05-09,14:51:31,119.0,1,"[{'icon': '🍉', 'soldAt': '2026-05-09T14:51:31.531106', 'fruitId': 'watermelon', 'soldDate': '2026-05-09', 'soldTime': '14:51:31', 'createdAt': '2026-05-09T14:51:29.092560', 'fruitName': 'Watermelon', 'lineTotal': 119.0, 'unitPrice': 35.0, 'updatedAt': '2026-05-09T14:51:29.092560', 'quantityKg': 3.4, 'updatedDate': '2026-05-09', 'updatedTime': '14:51:29', 'displayMetric': 'kg'}]",False,False
TXN-20260509-145156-1365,2026-05-09T14:51:56.343922+00:00,2026-05-09,14:51:56,150.0,1,"[{'icon': '🍉', 'soldAt': '2026-05-09T14:51:56.343922', 'fruitId': 'watermelon_kiran', 'soldDate': '2026-05-09', 'soldTime': '14:51:56', 'createdAt': '2026-05-09T14:51:46.408361', 'fruitName': 'Watermelon Kiran', 'lineTotal': 150.0, 'unitPrice': 30.0, 'updatedAt': '2026-05-09T14:51:53.562640', 'quantityKg': 5.0, 'updatedDate': '2026-05-09', 'updatedTime': '14:51:53', 'displayMetric': 'kg'}]",False,False
TXN-20260509-120520-8457,2026-05-09T12:05:20.572607+00:00,2026-05-09,12:05:20,175.0,3,"[{'icon': '🍎', 'soldAt': '2026-05-09T12:05:20.572607', 'fruitId': 'apple_washington', 'soldDate': '2026-05-09', 'soldTime': '12:05:20', 'createdAt': '2026-05-09T12:05:12.637179', 'fruitName': 'Apple Washington', 'lineTotal': 90.0, 'unitPrice': 180.0, 'updatedAt': '2026-05-09T12:05:12.637179', 'quantityKg': 0.5, 'updatedDate': '2026-05-09', 'updatedTime': '12:05:12', 'displayMetric': 'kg'}, {'icon': '🍌', 'soldAt': '2026-05-09T12:05:20.572607', 'fruitId': 'banana_big', 'soldDate': '2026-05-09', 'soldTime': '12:05:20', 'createdAt': '2026-05-09T12:05:15.334864', 'fruitName': 'Banana', 'lineTotal': 20.0, 'unitPrice': 40.0, 'updatedAt': '2026-05-09T12:05:15.334864', 'quantityKg': 0.5, 'updatedDate': '2026-05-09', 'updatedTime': '12:05:15', 'displayMetric': 'kg'}, {'icon': '🍊', 'soldAt': '2026-05-09T12:05:20.572607', 'fruitId': 'orange_nagpur', 'soldDate': '2026-05-09', 'soldTime': '12:05:20', 'createdAt': '2026-05-09T12:05:19.791772', 'fruitName': 'Nagpur Orange', 'lineTotal': 65.0, 'unitPrice': 130.0, 'updatedAt': '2026-05-09T12:05:19.791772', 'quantityKg': 0.5, 'updatedDate': '2026-05-09', 'updatedTime': '12:05:19', 'displayMetric': 'kg'}]",False,False
TXN-20260509-120548-4777,2026-05-09T12:05:48.816214+00:00,2026-05-09,12:05:48,75.0,1,"[{'icon': '🥭', 'soldAt': '2026-05-09T12:05:48.816214', 'fruitId': 'papaya', 'soldDate': '2026-05-09', 'soldTime': '12:05:48', 'createdAt': '2026-05-09T12:05:45.799985', 'fruitName': 'Papaya', 'lineTotal': 75.0, 'unitPrice': 50.0, 'updatedAt': '2026-05-09T12:05:47.750138', 'quantityKg': 1.5, 'updatedDate': '2026-05-09', 'updatedTime': '12:05:47', 'displayMetric': 'kg'}]",False,False
TXN-20260509-120556-7636,2026-05-09T12:05:56.089124+00:00,2026-05-09,12:05:56,160.0,1,"[{'icon': '🍎', 'soldAt': '2026-05-09T12:05:56.089124', 'fruitId': 'pomegranate', 'soldDate': '2026-05-09', 'soldTime': '12:05:56', 'createdAt': '2026-05-09T12:05:54.520971', 'fruitName': 'Pomegranate', 'lineTotal': 160.0, 'unitPrice': 160.0, 'updatedAt': '2026-05-09T12:05:55.354363', 'quantityKg': 1.0, 'updatedDate': '2026-05-09', 'updatedTime': '12:05:55', 'displayMetric': 'kg'}]",False,False
TXN-20260509-120606-4151,2026-05-09T12:06:06.710582+00:00,2026-05-09,12:06:06,175.0,1,"[{'icon': '🍉', 'soldAt': '2026-05-09T12:06:06.710582', 'fruitId': 'watermelon', 'soldDate': '2026-05-09', 'soldTime': '12:06:06', 'createdAt': '2026-05-09T12:05:58.838377', 'fruitName': 'Watermelon', 'lineTotal': 175.0, 'unitPrice': 35.0, 'updatedAt': '2026-05-09T12:06:03.309915', 'quantityKg': 5.0, 'updatedDate': '2026-05-09', 'updatedTime': '12:06:03', 'displayMetric': 'kg'}]",False,False
TXN-20260509-120611-2735,2026-05-09T12:06:11.594487+00:00,2026-05-09,12:06:11,135.0,1,"[{'icon': '🍌', 'soldAt': '2026-05-09T12:06:11.594487', 'fruitId': 'banana_yelakki', 'soldDate': '2026-05-09', 'soldTime': '12:06:11', 'createdAt': '2026-05-09T12:06:07.991141', 'fruitName': 'Yelakki Banana', 'lineTotal': 135.0, 'unitPrice': 90.0, 'updatedAt': '2026-05-09T12:06:09.526432', 'quantityKg': 1.5, 'updatedDate': '2026-05-09', 'updatedTime': '12:06:09', 'displayMetric': 'kg'}]",False,False
TXN-20260509-125118-9461,2026-05-09T12:51:18.813564+00:00,2026-05-09,12:51:18,100.0,1,"[{'icon': '🥭', 'soldAt': '2026-05-09T12:51:18.813564', 'fruitId': 'custom_chakkara_kutty', 'soldDate': '2026-05-09', 'soldTime': '12:51:18', 'createdAt': '2026-05-09T12:51:17.997305', 'fruitName': 'Chakkara Kutty', 'lineTotal': 100.0, 'unitPrice': 200.0, 'updatedAt': '2026-05-09T12:51:17.997305', 'quantityKg': 0.5, 'updatedDate': '2026-05-09', 'updatedTime': '12:51:17', 'displayMetric': 'kg'}]",False,False
TXN-20260509-125124-6926,2026-05-09T12:51:24.79701+00:00,2026-05-09,12:51:24,90.0,1,"[{'icon': '🍌', 'soldAt': '2026-05-09T12:51:24.797010', 'fruitId': 'banana_yelakki', 'soldDate': '2026-05-09', 'soldTime': '12:51:24', 'createdAt': '2026-05-09T12:51:23.249079', 'fruitName': 'Yelakki Banana', 'lineTotal': 90.0, 'unitPrice': 90.0, 'updatedAt': '2026-05-09T12:51:23.882676', 'quantityKg': 1.0, 'updatedDate': '2026-05-09', 'updatedTime': '12:51:23', 'displayMetric': 'kg'}]",False,False
TXN-20260509-144801-9478,2026-05-09T14:48:01.217413+00:00,2026-05-09,14:48:01,280.0,1,"[{'icon': '🍎', 'soldAt': '2026-05-09T14:48:01.217413', 'fruitId': 'apple_washington', 'soldDate': '2026-05-09', 'soldTime': '14:48:01', 'createdAt': '2026-05-09T14:46:32.219147', 'fruitName': 'Apple Washington', 'lineTotal': 280.0, 'unitPrice': 280.0, 'updatedAt': '2026-05-09T14:47:21.351117', 'quantityKg': 1.0, 'updatedDate': '2026-05-09', 'updatedTime': '14:47:21', 'displayMetric': 'kg'}]",False,False
TXN-20260509-144839-8778,2026-05-09T14:48:39.914869+00:00,2026-05-09,14:48:39,140.0,1,"[{'icon': '🍌', 'soldAt': '2026-05-09T14:48:39.914869', 'fruitId': 'banana_big', 'soldDate': '2026-05-09', 'soldTime': '14:48:39', 'createdAt': '2026-05-09T14:48:21.816578', 'fruitName': 'Banana', 'lineTotal': 140.0, 'unitPrice': 70.0, 'updatedAt': '2026-05-09T14:48:34.723281', 'quantityKg': 2.0, 'updatedDate': '2026-05-09', 'updatedTime': '14:48:34', 'displayMetric': 'kg'}]",False,False
TXN-20260509-144936-5947,2026-05-09T14:49:36.00788+00:00,2026-05-09,14:49:36,450.0,1,"[{'icon': '🍊', 'soldAt': '2026-05-09T14:49:36.007880', 'fruitId': 'orange_mandarin', 'soldDate': '2026-05-09', 'soldTime': '14:49:36', 'createdAt': '2026-05-09T14:49:12.178844', 'fruitName': 'Mandarin Orange', 'lineTotal': 450.0, 'unitPrice': 300.0, 'updatedAt': '2026-05-09T14:49:27.816546', 'quantityKg': 1.5, 'updatedDate': '2026-05-09', 'updatedTime': '14:49:27', 'displayMetric': 'kg'}]",False,False
TXN-20260509-145007-5685,2026-05-09T14:50:07.63357+00:00,2026-05-09,14:50:07,160.0,1,"[{'icon': '🍊', 'soldAt': '2026-05-09T14:50:07.633570', 'fruitId': 'orange_citrus', 'soldDate': '2026-05-09', 'soldTime': '14:50:07', 'createdAt': '2026-05-09T14:49:56.240811', 'fruitName': 'Orange Citrus', 'lineTotal': 160.0, 'unitPrice': 160.0, 'updatedAt': '2026-05-09T14:50:05.944989', 'quantityKg': 1.0, 'updatedDate': '2026-05-09', 'updatedTime': '14:50:05', 'displayMetric': 'kg'}]",False,False
TXN-20260509-145039-3834,2026-05-09T14:50:39.124257+00:00,2026-05-09,14:50:39,260.0,1,"[{'icon': '🍎', 'soldAt': '2026-05-09T14:50:39.124257', 'fruitId': 'pomegranate', 'soldDate': '2026-05-09', 'soldTime': '14:50:39', 'createdAt': '2026-05-09T14:50:28.258731', 'fruitName': 'Pomegranate', 'lineTotal': 260.0, 'unitPrice': 260.0, 'updatedAt': '2026-05-09T14:50:37.069310', 'quantityKg': 1.0, 'updatedDate': '2026-05-09', 'updatedTime': '14:50:37', 'displayMetric': 'kg'}]",False,False
TXN-20260509-145053-8706,2026-05-09T14:50:53.190716+00:00,2026-05-09,14:50:53,260.0,1,"[{'icon': '🍎', 'soldAt': '2026-05-09T14:50:53.190716', 'fruitId': 'pomegranate', 'soldDate': '2026-05-09', 'soldTime': '14:50:53', 'createdAt': '2026-05-09T14:50:50.812067', 'fruitName': 'Pomegranate', 'lineTotal': 260.0, 'unitPrice': 260.0, 'updatedAt': '2026-05-09T14:50:50.812067', 'quantityKg': 1.0, 'updatedDate': '2026-05-09', 'updatedTime': '14:50:50', 'displayMetric': 'kg'}]",False,False
TXN-20260509-145235-7456,2026-05-09T14:52:35.291112+00:00,2026-05-09,14:52:35,350.0,1,"[{'icon': '🍌', 'soldAt': '2026-05-09T14:52:35.291112', 'fruitId': 'banana_yelakki', 'soldDate': '2026-05-09', 'soldTime': '14:52:35', 'createdAt': '2026-05-09T14:52:23.861319', 'fruitName': 'Yelakki Banana', 'lineTotal': 350.0, 'unitPrice': 70.0, 'updatedAt': '2026-05-09T14:52:32.988604', 'quantityKg': 5.0, 'updatedDate': '2026-05-09', 'updatedTime': '14:52:32', 'displayMetric': 'kg'}]",False,False
TXN-20260509-145316-1591,2026-05-09T14:53:16.150737+00:00,2026-05-09,14:53:16,100.0,1,"[{'icon': '🥭', 'soldAt': '2026-05-09T14:53:16.150737', 'fruitId': 'papaya', 'soldDate': '2026-05-09', 'soldTime': '14:53:16', 'createdAt': '2026-05-09T14:53:07.050546', 'fruitName': 'Papaya', 'lineTotal': 100.0, 'unitPrice': 50.0, 'updatedAt': '2026-05-09T14:53:14.217847', 'quantityKg': 2.0, 'updatedDate': '2026-05-09', 'updatedTime': '14:53:14', 'displayMetric': 'kg'}]",False,False
TXN-20260509-145407-5232,2026-05-09T14:54:07.847269+00:00,2026-05-09,14:54:07,800.0,1,"[{'icon': '🍌', 'soldAt': '2026-05-09T14:54:07.847269', 'fruitId': 'banana_big', 'soldDate': '2026-05-09', 'soldTime': '14:54:07', 'createdAt': '2026-05-09T14:53:46.759413', 'fruitName': 'Banana', 'lineTotal': 800.0, 'unitPrice': 40.0, 'updatedAt': '2026-05-09T14:54:05.346735', 'quantityKg': 20.0, 'updatedDate': '2026-05-09', 'updatedTime': '14:54:05', 'displayMetric': 'kg'}]",False,False
TXN-20260509-131834-7289,2026-05-09T13:18:34.810274+00:00,2026-05-09,13:18:34,90.0,1,"[{'icon': '🍎', 'soldAt': '2026-05-09T13:18:34.810274', 'fruitId': 'apple_washington', 'soldDate': '2026-05-09', 'soldTime': '13:18:34', 'createdAt': '2026-05-09T13:18:31.369101', 'fruitName': 'Apple Washington', 'lineTotal': 90.0, 'unitPrice': 180.0, 'updatedAt': '2026-05-09T13:18:31.369101', 'quantityKg': 0.5, 'updatedDate': '2026-05-09', 'updatedTime': '13:18:31', 'displayMetric': 'kg'}]",False,False
TXN-20260509-131839-7821,2026-05-09T13:18:39.971349+00:00,2026-05-09,13:18:39,40.0,1,"[{'icon': '🍌', 'soldAt': '2026-05-09T13:18:39.971349', 'fruitId': 'banana_big', 'soldDate': '2026-05-09', 'soldTime': '13:18:39', 'createdAt': '2026-05-09T13:18:36.139713', 'fruitName': 'Banana', 'lineTotal': 40.0, 'unitPrice': 40.0, 'updatedAt': '2026-05-09T13:18:36.743979', 'quantityKg': 1.0, 'updatedDate': '2026-05-09', 'updatedTime': '13:18:36', 'displayMetric': 'kg'}]",False,False
TXN-20260509-131901-9715,2026-05-09T13:19:01.910736+00:00,2026-05-09,13:19:01,25.0,1,"[{'icon': '🍇', 'soldAt': '2026-05-09T13:19:01.910736', 'fruitId': 'grapes_black', 'soldDate': '2026-05-09', 'soldTime': '13:19:01', 'createdAt': '2026-05-09T13:19:00.907139', 'fruitName': 'Black Grapes', 'lineTotal': 25.0, 'unitPrice': 100.0, 'updatedAt': '2026-05-09T13:19:00.907139', 'quantityKg': 0.25, 'updatedDate': '2026-05-09', 'updatedTime': '13:19:00', 'displayMetric': 'g'}]",False,False
TXN-20260509-131907-4987,2026-05-09T13:19:07.388659+00:00,2026-05-09,13:19:07,100.0,1,"[{'icon': '🥭', 'soldAt': '2026-05-09T13:19:07.388659', 'fruitId': 'custom_chakkara_kutty', 'soldDate': '2026-05-09', 'soldTime': '13:19:07', 'createdAt': '2026-05-09T13:19:03.287693', 'fruitName': 'Chakkara Kutty', 'lineTotal': 100.0, 'unitPrice': 200.0, 'updatedAt': '2026-05-09T13:19:03.287693', 'quantityKg': 0.5, 'updatedDate': '2026-05-09', 'updatedTime': '13:19:03', 'displayMetric': 'kg'}]",False,False
TXN-20260509-131829-4830,2026-05-09T13:18:29.845437+00:00,2026-05-09,13:18:29,60.0,1,"[{'icon': '🥭', 'soldAt': '2026-05-09T13:18:29.845437', 'fruitId': 'custom_alphonso', 'soldDate': '2026-05-09', 'soldTime': '13:18:29', 'createdAt': '2026-05-09T13:18:28.257913', 'fruitName': 'Alphonso', 'lineTotal': 60.0, 'unitPrice': 120.0, 'updatedAt': '2026-05-09T13:18:28.257913', 'quantityKg': 0.5, 'updatedDate': '2026-05-09', 'updatedTime': '13:18:28', 'displayMetric': 'kg'}]",False,False
TXN-20260509-222152-7684,2026-05-09T22:21:52.392588+00:00,2026-05-09,22:21:52,60.0,1,"[{'icon': '🥭', 'soldAt': '2026-05-09T22:21:52.392588', 'fruitId': 'custom_alphonso', 'soldDate': '2026-05-09', 'soldTime': '22:21:52', 'createdAt': '2026-05-09T22:21:51.158271', 'fruitName': 'Alphonso', 'lineTotal': 60.0, 'unitPrice': 120.0, 'updatedAt': '2026-05-09T22:21:51.158271', 'quantityKg': 0.5, 'updatedDate': '2026-05-09', 'updatedTime': '22:21:51', 'displayMetric': 'kg'}]",False,False
TXN-20260509-222158-2947,2026-05-09T22:21:58.971715+00:00,2026-05-09,22:21:58,110.0,2,"[{'icon': '🍎', 'soldAt': '2026-05-09T22:21:58.971715', 'fruitId': 'apple_washington', 'soldDate': '2026-05-09', 'soldTime': '22:21:58', 'createdAt': '2026-05-09T22:21:55.072868', 'fruitName': 'Apple Washington', 'lineTotal': 90.0, 'unitPrice': 180.0, 'updatedAt': '2026-05-09T22:21:55.072868', 'quantityKg': 0.5, 'updatedDate': '2026-05-09', 'updatedTime': '22:21:55', 'displayMetric': 'kg'}, {'icon': '🍌', 'soldAt': '2026-05-09T22:21:58.971715', 'fruitId': 'banana_big', 'soldDate': '2026-05-09', 'soldTime': '22:21:58', 'createdAt': '2026-05-09T22:21:57.704558', 'fruitName': 'Banana', 'lineTotal': 20.0, 'unitPrice': 40.0, 'updatedAt': '2026-05-09T22:21:57.704558', 'quantityKg': 0.5, 'updatedDate': '2026-05-09', 'updatedTime': '22:21:57', 'displayMetric': 'kg'}]",False,False
TXN-20260509-222204-5883,2026-05-09T22:22:04.940545+00:00,2026-05-09,22:22:04,170.0,2,"[{'icon': '🥭', 'soldAt': '2026-05-09T22:22:04.940545', 'fruitId': 'custom_chakkara_kutty', 'soldDate': '2026-05-09', 'soldTime': '22:22:04', 'createdAt': '2026-05-09T22:22:01.157168', 'fruitName': 'Chakkara Kutty', 'lineTotal': 100.0, 'unitPrice': 200.0, 'updatedAt': '2026-05-09T22:22:01.157168', 'quantityKg': 0.5, 'updatedDate': '2026-05-09', 'updatedTime': '22:22:01', 'displayMetric': 'kg'}, {'icon': '🍊', 'soldAt': '2026-05-09T22:22:04.940545', 'fruitId': 'orange_mandarin', 'soldDate': '2026-05-09', 'soldTime': '22:22:04', 'createdAt': '2026-05-09T22:22:03.874084', 'fruitName': 'Mandarin Orange', 'lineTotal': 70.0, 'unitPrice': 140.0, 'updatedAt': '2026-05-09T22:22:03.874084', 'quantityKg': 0.5, 'updatedDate': '2026-05-09', 'updatedTime': '22:22:03', 'displayMetric': 'kg'}]",False,False
TXN-20260509-222213-5842,2026-05-09T22:22:13.730447+00:00,2026-05-09,22:22:13,160.0,1,"[{'icon': '🍎', 'soldAt': '2026-05-09T22:22:13.730447', 'fruitId': 'pomegranate', 'soldDate': '2026-05-09', 'soldTime': '22:22:13', 'createdAt': '2026-05-09T22:22:12.445966', 'fruitName': 'Pomegranate', 'lineTotal': 160.0, 'unitPrice': 160.0, 'updatedAt': '2026-05-09T22:22:13.048395', 'quantityKg': 1.0, 'updatedDate': '2026-05-09', 'updatedTime': '22:22:13', 'displayMetric': 'kg'}]",False,False
TXN-20260509-222218-3824,2026-05-09T22:22:18.898305+00:00,2026-05-09,22:22:18,105.0,1,"[{'icon': '🍉', 'soldAt': '2026-05-09T22:22:18.898305', 'fruitId': 'watermelon', 'soldDate': '2026-05-09', 'soldTime': '22:22:18', 'createdAt': '2026-05-09T22:22:15.247091', 'fruitName': 'Watermelon', 'lineTotal': 105.0, 'unitPrice': 35.0, 'updatedAt': '2026-05-09T22:22:17.481542', 'quantityKg': 3.0, 'updatedDate': '2026-05-09', 'updatedTime': '22:22:17', 'displayMetric': 'kg'}]",False,False
TXN-20260509-222224-5363,2026-05-09T22:22:24.366271+00:00,2026-05-09,22:22:24,45.0,1,"[{'icon': '🍌', 'soldAt': '2026-05-09T22:22:24.366271', 'fruitId': 'banana_yelakki', 'soldDate': '2026-05-09', 'soldTime': '22:22:24', 'createdAt': '2026-05-09T22:22:22.221025', 'fruitName': 'Yelakki Banana', 'lineTotal': 45.0, 'unitPrice': 90.0, 'updatedAt': '2026-05-09T22:22:22.221025', 'quantityKg': 0.5, 'updatedDate': '2026-05-09', 'updatedTime': '22:22:22', 'displayMetric': 'kg'}]",False,False
TXN-20260509-222322-3790,2026-05-09T22:23:22.628983+00:00,2026-05-09,22:23:22,90.0,1,"[{'icon': '🍎', 'soldAt': '2026-05-09T22:23:22.628983', 'fruitId': 'apple_washington', 'soldDate': '2026-05-09', 'soldTime': '22:23:22', 'createdAt': '2026-05-09T22:23:21.505238', 'fruitName': 'Apple Washington', 'lineTotal': 90.0, 'unitPrice': 180.0, 'updatedAt': '2026-05-09T22:23:21.505238', 'quantityKg': 0.5, 'updatedDate': '2026-05-09', 'updatedTime': '22:23:21', 'displayMetric': 'kg'}]",False,False
TXN-20260510-150341-4735,2026-05-10T15:03:41.11386+00:00,2026-05-10,15:03:41,395.0,6,"[{'icon': '🥭', 'soldAt': '2026-05-10T15:03:41.113860', 'fruitId': 'custom_alphonso', 'soldDate': '2026-05-10', 'soldTime': '15:03:41', 'createdAt': '2026-05-10T15:03:19.346995', 'fruitName': 'Alphonso', 'lineTotal': 60.0, 'unitPrice': 120.0, 'updatedAt': '2026-05-10T15:03:19.346995', 'quantityKg': 0.5, 'updatedDate': '2026-05-10', 'updatedTime': '15:03:19', 'displayMetric': 'kg'}, {'icon': '🍌', 'soldAt': '2026-05-10T15:03:41.113860', 'fruitId': 'banana_big', 'soldDate': '2026-05-10', 'soldTime': '15:03:41', 'createdAt': '2026-05-10T15:03:25.271557', 'fruitName': 'Banana', 'lineTotal': 40.0, 'unitPrice': 40.0, 'updatedAt': '2026-05-10T15:03:27.062045', 'quantityKg': 1.0, 'updatedDate': '2026-05-10', 'updatedTime': '15:03:27', 'displayMetric': 'kg'}, {'icon': '🥭', 'soldAt': '2026-05-10T15:03:41.113860', 'fruitId': 'custom_chakkara_kutty', 'soldDate': '2026-05-10', 'soldTime': '15:03:41', 'createdAt': '2026-05-10T15:03:29.258449', 'fruitName': 'Chakkara Kutty', 'lineTotal': 100.0, 'unitPrice': 200.0, 'updatedAt': '2026-05-10T15:03:29.258449', 'quantityKg': 0.5, 'updatedDate': '2026-05-10', 'updatedTime': '15:03:29', 'displayMetric': 'kg'}, {'icon': '🍎', 'soldAt': '2026-05-10T15:03:41.113860', 'fruitId': 'pomegranate', 'soldDate': '2026-05-10', 'soldTime': '15:03:41', 'createdAt': '2026-05-10T15:03:33.246986', 'fruitName': 'Pomegranate', 'lineTotal': 80.0, 'unitPrice': 160.0, 'updatedAt': '2026-05-10T15:03:33.246986', 'quantityKg': 0.5, 'updatedDate': '2026-05-10', 'updatedTime': '15:03:33', 'displayMetric': 'kg'}, {'icon': '🍉', 'soldAt': '2026-05-10T15:03:41.113860', 'fruitId': 'watermelon', 'soldDate': '2026-05-10', 'soldTime': '15:03:41', 'createdAt': '2026-05-10T15:03:34.950412', 'fruitName': 'Watermelon', 'lineTotal': 70.0, 'unitPrice': 35.0, 'updatedAt': '2026-05-10T15:03:36.092592', 'quantityKg': 2.0, 'updatedDate': '2026-05-10', 'updatedTime': '15:03:36', 'displayMetric': 'kg'}, {'icon': '🍌', 'soldAt': '2026-05-10T15:03:41.113860', 'fruitId': 'banana_yelakki', 'soldDate': '2026-05-10', 'soldTime': '15:03:41', 'createdAt': '2026-05-10T15:03:38.953614', 'fruitName': 'Yelakki Banana', 'lineTotal': 45.0, 'unitPrice': 90.0, 'updatedAt': '2026-05-10T15:03:38.953614', 'quantityKg': 0.5, 'updatedDate': '2026-05-10', 'updatedTime': '15:03:38', 'displayMetric': 'kg'}]",False,False
TXN-20260510-150346-7045,2026-05-10T15:03:46.714242+00:00,2026-05-10,15:03:46,180.0,1,"[{'icon': '🍉', 'soldAt': '2026-05-10T15:03:46.714242', 'fruitId': 'watermelon_kiran', 'soldDate': '2026-05-10', 'soldTime': '15:03:46', 'createdAt': '2026-05-10T15:03:43.769772', 'fruitName': 'Watermelon Kiran', 'lineTotal': 180.0, 'unitPrice': 45.0, 'updatedAt': '2026-05-10T15:03:45.441019', 'quantityKg': 4.0, 'updatedDate': '2026-05-10', 'updatedTime': '15:03:45', 'displayMetric': 'kg'}]",False,False
TXN-20260510-150351-2420,2026-05-10T15:03:51.894018+00:00,2026-05-10,15:03:51,90.0,1,"[{'icon': '🍌', 'soldAt': '2026-05-10T15:03:51.894018', 'fruitId': 'banana_yelakki', 'soldDate': '2026-05-10', 'soldTime': '15:03:51', 'createdAt': '2026-05-10T15:03:47.807773', 'fruitName': 'Yelakki Banana', 'lineTotal': 90.0, 'unitPrice': 90.0, 'updatedAt': '2026-05-10T15:03:49.031145', 'quantityKg': 1.0, 'updatedDate': '2026-05-10', 'updatedTime': '15:03:49', 'displayMetric': 'kg'}]",False,False
TXN-20260510-150357-2214,2026-05-10T15:03:57.836069+00:00,2026-05-10,15:03:57,160.0,1,"[{'icon': '🍎', 'soldAt': '2026-05-10T15:03:57.836069', 'fruitId': 'pomegranate', 'soldDate': '2026-05-10', 'soldTime': '15:03:57', 'createdAt': '2026-05-10T15:03:56.080043', 'fruitName': 'Pomegranate', 'lineTotal': 160.0, 'unitPrice': 160.0, 'updatedAt': '2026-05-10T15:03:56.761176', 'quantityKg': 1.0, 'updatedDate': '2026-05-10', 'updatedTime': '15:03:56', 'displayMetric': 'kg'}]",False,False
TXN-20260511-180135-9124,2026-05-11T18:01:35.06497+00:00,2026-05-11,18:01:35,380.0,6,"[{'icon': '🍎', 'soldAt': '2026-05-11T18:01:35.064970', 'fruitId': 'apple_washington', 'soldDate': '2026-05-11', 'soldTime': '18:01:35', 'createdAt': '2026-05-11T18:01:15.248085', 'fruitName': 'Apple Washington', 'lineTotal': 90.0, 'unitPrice': 180.0, 'updatedAt': '2026-05-11T18:01:15.248085', 'quantityKg': 0.5, 'updatedDate': '2026-05-11', 'updatedTime': '18:01:15', 'displayMetric': 'kg'}, {'icon': '🍌', 'soldAt': '2026-05-11T18:01:35.064970', 'fruitId': 'banana_big', 'soldDate': '2026-05-11', 'soldTime': '18:01:35', 'createdAt': '2026-05-11T18:01:18.600813', 'fruitName': 'Banana', 'lineTotal': 20.0, 'unitPrice': 40.0, 'updatedAt': '2026-05-11T18:01:18.600813', 'quantityKg': 0.5, 'updatedDate': '2026-05-11', 'updatedTime': '18:01:18', 'displayMetric': 'kg'}, {'icon': '🍇', 'soldAt': '2026-05-11T18:01:35.064970', 'fruitId': 'grapes_black', 'soldDate': '2026-05-11', 'soldTime': '18:01:35', 'createdAt': '2026-05-11T18:01:23.715625', 'fruitName': 'Black Grapes', 'lineTotal': 25.0, 'unitPrice': 100.0, 'updatedAt': '2026-05-11T18:01:23.715625', 'quantityKg': 0.25, 'updatedDate': '2026-05-11', 'updatedTime': '18:01:23', 'displayMetric': 'g'}, {'icon': '🥭', 'soldAt': '2026-05-11T18:01:35.064970', 'fruitId': 'custom_chakkara_kutty', 'soldDate': '2026-05-11', 'soldTime': '18:01:35', 'createdAt': '2026-05-11T18:01:26.592815', 'fruitName': 'Chakkara Kutty', 'lineTotal': 100.0, 'unitPrice': 200.0, 'updatedAt': '2026-05-11T18:01:26.592815', 'quantityKg': 0.5, 'updatedDate': '2026-05-11', 'updatedTime': '18:01:26', 'displayMetric': 'kg'}, {'icon': '🍊', 'soldAt': '2026-05-11T18:01:35.064970', 'fruitId': 'orange_mandarin', 'soldDate': '2026-05-11', 'soldTime': '18:01:35', 'createdAt': '2026-05-11T18:01:29.570216', 'fruitName': 'Mandarin Orange', 'lineTotal': 70.0, 'unitPrice': 140.0, 'updatedAt': '2026-05-11T18:01:29.570216', 'quantityKg': 0.5, 'updatedDate': '2026-05-11', 'updatedTime': '18:01:29', 'displayMetric': 'kg'}, {'icon': '🥭', 'soldAt': '2026-05-11T18:01:35.064970', 'fruitId': 'papaya', 'soldDate': '2026-05-11', 'soldTime': '18:01:35', 'createdAt': '2026-05-11T18:01:32.200177', 'fruitName': 'Papaya', 'lineTotal': 75.0, 'unitPrice': 50.0, 'updatedAt': '2026-05-11T18:01:33.427303', 'quantityKg': 1.5, 'updatedDate': '2026-05-11', 'updatedTime': '18:01:33', 'displayMetric': 'kg'}]",False,False
TXN-20260511-180227-5672,2026-05-11T18:02:27.017038+00:00,2026-05-11,18:02:27,90.0,1,"[{'icon': '🍌', 'soldAt': '2026-05-11T18:02:27.017038', 'fruitId': 'banana_yelakki', 'soldDate': '2026-05-11', 'soldTime': '18:02:27', 'createdAt': '2026-05-11T18:02:25.758756', 'fruitName': 'Yelakki Banana', 'lineTotal': 90.0, 'unitPrice': 90.0, 'updatedAt': '2026-05-11T18:02:26.487068', 'quantityKg': 1.0, 'updatedDate': '2026-05-11', 'updatedTime': '18:02:26', 'displayMetric': 'kg'}]",False,False
TXN-20260511-180232-4269,2026-05-11T18:02:32.888677+00:00,2026-05-11,18:02:32,180.0,1,"[{'icon': '🍉', 'soldAt': '2026-05-11T18:02:32.888677', 'fruitId': 'watermelon_kiran', 'soldDate': '2026-05-11', 'soldTime': '18:02:32', 'createdAt': '2026-05-11T18:02:30.144677', 'fruitName': 'Watermelon Kiran', 'lineTotal': 180.0, 'unitPrice': 45.0, 'updatedAt': '2026-05-11T18:02:32.442721', 'quantityKg': 4.0, 'updatedDate': '2026-05-11', 'updatedTime': '18:02:32', 'displayMetric': 'kg'}]",False,False
TXN-20260511-180238-2136,2026-05-11T18:02:38.282669+00:00,2026-05-11,18:02:38,160.0,1,"[{'icon': '🍎', 'soldAt': '2026-05-11T18:02:38.282669', 'fruitId': 'pomegranate', 'soldDate': '2026-05-11', 'soldTime': '18:02:38', 'createdAt': '2026-05-11T18:02:36.713075', 'fruitName': 'Pomegranate', 'lineTotal': 160.0, 'unitPrice': 160.0, 'updatedAt': '2026-05-11T18:02:37.373438', 'quantityKg': 1.0, 'updatedDate': '2026-05-11', 'updatedTime': '18:02:37', 'displayMetric': 'kg'}]",False,False
TXN-20260511-180245-1337,2026-05-11T18:02:45.051051+00:00,2026-05-11,18:02:45,140.0,1,"[{'icon': '🍊', 'soldAt': '2026-05-11T18:02:45.051051', 'fruitId': 'orange_mandarin', 'soldDate': '2026-05-11', 'soldTime': '18:02:45', 'createdAt': '2026-05-11T18:02:41.626753', 'fruitName': 'Mandarin Orange', 'lineTotal': 140.0, 'unitPrice': 140.0, 'updatedAt': '2026-05-11T18:02:43.247599', 'quantityKg': 1.0, 'updatedDate': '2026-05-11', 'updatedTime': '18:02:43', 'displayMetric': 'kg'}]",False,False
TXN-20260511-180253-5908,2026-05-11T18:02:53.887346+00:00,2026-05-11,18:02:53,180.0,1,"[{'icon': '🥭', 'soldAt': '2026-05-11T18:02:53.887346', 'fruitId': 'custom_alphonso', 'soldDate': '2026-05-11', 'soldTime': '18:02:53', 'createdAt': '2026-05-11T18:02:50.464457', 'fruitName': 'Alphonso', 'lineTotal': 180.0, 'unitPrice': 120.0, 'updatedAt': '2026-05-11T18:02:51.637101', 'quantityKg': 1.5, 'updatedDate': '2026-05-11', 'updatedTime': '18:02:51', 'displayMetric': 'kg'}]",False,False
TXN-20260512-182028-6524,2026-05-12T18:20:28.45192+00:00,2026-05-12,18:20:28,120.0,1,"[{'icon': '🥭', 'soldAt': '2026-05-12T18:20:28.451920', 'fruitId': 'custom_alphonso', 'soldDate': '2026-05-12', 'soldTime': '18:20:28', 'createdAt': '2026-05-12T18:20:25.883561', 'fruitName': 'Alphonso', 'lineTotal': 120.0, 'unitPrice': 120.0, 'updatedAt': '2026-05-12T18:20:26.651936', 'quantityKg': 1.0, 'updatedDate': '2026-05-12', 'updatedTime': '18:20:26', 'displayMetric': 'kg'}]",False,False
TXN-20260512-182035-5720,2026-05-12T18:20:35.105858+00:00,2026-05-12,18:20:35,20.0,1,"[{'icon': '🍌', 'soldAt': '2026-05-12T18:20:35.105858', 'fruitId': 'banana_big', 'soldDate': '2026-05-12', 'soldTime': '18:20:35', 'createdAt': '2026-05-12T18:20:29.861360', 'fruitName': 'Banana', 'lineTotal': 20.0, 'unitPrice': 40.0, 'updatedAt': '2026-05-12T18:20:29.861360', 'quantityKg': 0.5, 'updatedDate': '2026-05-12', 'updatedTime': '18:20:29', 'displayMetric': 'kg'}]",False,False
TXN-20260512-182040-5193,2026-05-12T18:20:40.020785+00:00,2026-05-12,18:20:40,200.0,1,"[{'icon': '🥭', 'soldAt': '2026-05-12T18:20:40.020785', 'fruitId': 'custom_chakkara_kutty', 'soldDate': '2026-05-12', 'soldTime': '18:20:40', 'createdAt': '2026-05-12T18:20:36.664509', 'fruitName': 'Chakkara Kutty', 'lineTotal': 200.0, 'unitPrice': 200.0, 'updatedAt': '2026-05-12T18:20:37.439401', 'quantityKg': 1.0, 'updatedDate': '2026-05-12', 'updatedTime': '18:20:37', 'displayMetric': 'kg'}]",False,False
TXN-20260512-182045-4428,2026-05-12T18:20:45.033529+00:00,2026-05-12,18:20:45,45.0,1,"[{'icon': '🍌', 'soldAt': '2026-05-12T18:20:45.033529', 'fruitId': 'banana_yelakki', 'soldDate': '2026-05-12', 'soldTime': '18:20:45', 'createdAt': '2026-05-12T18:20:43.231227', 'fruitName': 'Yelakki Banana', 'lineTotal': 45.0, 'unitPrice': 90.0, 'updatedAt': '2026-05-12T18:20:43.231227', 'quantityKg': 0.5, 'updatedDate': '2026-05-12', 'updatedTime': '18:20:43', 'displayMetric': 'kg'}]",False,False
TXN-20260513-212409-1583,2026-05-13T21:24:10.000129+00:00,2026-05-13,21:24:10,20.0,1,"[{'icon': '🍌', 'soldAt': '2026-05-13T21:24:10.000129', 'fruitId': 'banana_big', 'soldDate': '2026-05-13', 'soldTime': '21:24:10', 'createdAt': '2026-05-13T21:24:07.667756', 'fruitName': 'Banana', 'lineTotal': 20.0, 'unitPrice': 40.0, 'updatedAt': '2026-05-13T21:24:07.667756', 'quantityKg': 0.5, 'updatedDate': '2026-05-13', 'updatedTime': '21:24:07', 'displayMetric': 'kg'}]",False,False
TXN-20260513-212417-1228,2026-05-13T21:24:17.036597+00:00,2026-05-13,21:24:17,200.0,1,"[{'icon': '🥭', 'soldAt': '2026-05-13T21:24:17.036597', 'fruitId': 'custom_chakkara_kutty', 'soldDate': '2026-05-13', 'soldTime': '21:24:17', 'createdAt': '2026-05-13T21:24:13.401442', 'fruitName': 'Chakkara Kutty', 'lineTotal': 200.0, 'unitPrice': 200.0, 'updatedAt': '2026-05-13T21:24:14.634717', 'quantityKg': 1.0, 'updatedDate': '2026-05-13', 'updatedTime': '21:24:14', 'displayMetric': 'kg'}]",False,False
TXN-20260513-212423-2808,2026-05-13T21:24:23.722416+00:00,2026-05-13,21:24:23,75.0,1,"[{'icon': '🥭', 'soldAt': '2026-05-13T21:24:23.722416', 'fruitId': 'papaya', 'soldDate': '2026-05-13', 'soldTime': '21:24:23', 'createdAt': '2026-05-13T21:24:19.959097', 'fruitName': 'Papaya', 'lineTotal': 75.0, 'unitPrice': 50.0, 'updatedAt': '2026-05-13T21:24:22.687100', 'quantityKg': 1.5, 'updatedDate': '2026-05-13', 'updatedTime': '21:24:22', 'displayMetric': 'kg'}]",False,False
TXN-20260513-212439-6850,2026-05-13T21:24:39.153579+00:00,2026-05-13,21:24:39,135.0,1,"[{'icon': '🍌', 'soldAt': '2026-05-13T21:24:39.153579', 'fruitId': 'banana_yelakki', 'soldDate': '2026-05-13', 'soldTime': '21:24:39', 'createdAt': '2026-05-13T21:24:36.801290', 'fruitName': 'Yelakki Banana', 'lineTotal': 135.0, 'unitPrice': 90.0, 'updatedAt': '2026-05-13T21:24:38.320493', 'quantityKg': 1.5, 'updatedDate': '2026-05-13', 'updatedTime': '21:24:38', 'displayMetric': 'kg'}]",False,False
TXN-20260513-212444-3240,2026-05-13T21:24:44.405821+00:00,2026-05-13,21:24:44,180.0,1,"[{'icon': '🍉', 'soldAt': '2026-05-13T21:24:44.405821', 'fruitId': 'watermelon_kiran', 'soldDate': '2026-05-13', 'soldTime': '21:24:44', 'createdAt': '2026-05-13T21:24:41.136826', 'fruitName': 'Watermelon Kiran', 'lineTotal': 180.0, 'unitPrice': 45.0, 'updatedAt': '2026-05-13T21:24:43.638599', 'quantityKg': 4.0, 'updatedDate': '2026-05-13', 'updatedTime': '21:24:43', 'displayMetric': 'kg'}]",False,False
TXN-20260513-212449-7631,2026-05-13T21:24:49.374951+00:00,2026-05-13,21:24:49,140.0,1,"[{'icon': '🍉', 'soldAt': '2026-05-13T21:24:49.374951', 'fruitId': 'watermelon', 'soldDate': '2026-05-13', 'soldTime': '21:24:49', 'createdAt': '2026-05-13T21:24:46.206765', 'fruitName': 'Watermelon', 'lineTotal': 140.0, 'unitPrice': 35.0, 'updatedAt': '2026-05-13T21:24:48.474168', 'quantityKg': 4.0, 'updatedDate': '2026-05-13', 'updatedTime': '21:24:48', 'displayMetric': 'kg'}]",False,False
TXN-20260513-212502-8822,2026-05-13T21:25:02.24727+00:00,2026-05-13,21:25:02,160.0,1,"[{'icon': '🍎', 'soldAt': '2026-05-13T21:25:02.247270', 'fruitId': 'pomegranate', 'soldDate': '2026-05-13', 'soldTime': '21:25:02', 'createdAt': '2026-05-13T21:25:00.865959', 'fruitName': 'Pomegranate', 'lineTotal': 160.0, 'unitPrice': 160.0, 'updatedAt': '2026-05-13T21:25:01.648546', 'quantityKg': 1.0, 'updatedDate': '2026-05-13', 'updatedTime': '21:25:01', 'displayMetric': 'kg'}]",False,False
TXN-20260513-212507-1109,2026-05-13T21:25:07.214807+00:00,2026-05-13,21:25:07,50.0,1,"[{'icon': '🥭', 'soldAt': '2026-05-13T21:25:07.214807', 'fruitId': 'papaya', 'soldDate': '2026-05-13', 'soldTime': '21:25:07', 'createdAt': '2026-05-13T21:25:04.064015', 'fruitName': 'Papaya', 'lineTotal': 50.0, 'unitPrice': 50.0, 'updatedAt': '2026-05-13T21:25:04.715549', 'quantityKg': 1.0, 'updatedDate': '2026-05-13', 'updatedTime': '21:25:04', 'displayMetric': 'kg'}]",False,False
TXN-20260513-212527-3667,2026-05-13T21:25:27.509475+00:00,2026-05-13,21:25:27,90.0,1,"[{'icon': '🍎', 'soldAt': '2026-05-13T21:25:27.509475', 'fruitId': 'apple_washington', 'soldDate': '2026-05-13', 'soldTime': '21:25:27', 'createdAt': '2026-05-13T21:25:25.309294', 'fruitName': 'Apple Washington', 'lineTotal': 90.0, 'unitPrice': 180.0, 'updatedAt': '2026-05-13T21:25:25.309294', 'quantityKg': 0.5, 'updatedDate': '2026-05-13', 'updatedTime': '21:25:25', 'displayMetric': 'kg'}]",False,False
TXN-20260513-215852-9795,2026-05-13T21:58:52.65872+00:00,2026-05-13,21:58:52,120.0,1,"[{'icon': '🥭', 'soldAt': '2026-05-13T21:58:52.658720', 'fruitId': 'custom_alphonso', 'soldDate': '2026-05-13', 'soldTime': '21:58:52', 'createdAt': '2026-05-13T21:58:49.328613', 'fruitName': 'Alphonso', 'lineTotal': 120.0, 'unitPrice': 120.0, 'updatedAt': '2026-05-13T21:58:51.689810', 'quantityKg': 1.0, 'updatedDate': '2026-05-13', 'updatedTime': '21:58:51', 'displayMetric': 'kg'}]",False,False
TXN-20260513-215857-5515,2026-05-13T21:58:57.778365+00:00,2026-05-13,21:58:57,90.0,1,"[{'icon': '🍎', 'soldAt': '2026-05-13T21:58:57.778365', 'fruitId': 'apple_washington', 'soldDate': '2026-05-13', 'soldTime': '21:58:57', 'createdAt': '2026-05-13T21:58:54.364984', 'fruitName': 'Apple Washington', 'lineTotal': 90.0, 'unitPrice': 180.0, 'updatedAt': '2026-05-13T21:58:54.364984', 'quantityKg': 0.5, 'updatedDate': '2026-05-13', 'updatedTime': '21:58:54', 'displayMetric': 'kg'}]",False,False
TXN-20260513-215908-7039,2026-05-13T21:59:08.763209+00:00,2026-05-13,21:59:08,40.0,1,"[{'icon': '🍌', 'soldAt': '2026-05-13T21:59:08.763209', 'fruitId': 'banana_big', 'soldDate': '2026-05-13', 'soldTime': '21:59:08', 'createdAt': '2026-05-13T21:58:59.865152', 'fruitName': 'Banana', 'lineTotal': 40.0, 'unitPrice': 40.0, 'updatedAt': '2026-05-13T21:59:00.542934', 'quantityKg': 1.0, 'updatedDate': '2026-05-13', 'updatedTime': '21:59:00', 'displayMetric': 'kg'}]",False,False
TXN-20260513-215937-5210,2026-05-13T21:59:37.937501+00:00,2026-05-13,21:59:37,100.0,1,"[{'icon': '🍇', 'soldAt': '2026-05-13T21:59:37.937501', 'fruitId': 'grapes_black', 'soldDate': '2026-05-13', 'soldTime': '21:59:37', 'createdAt': '2026-05-13T21:59:20.596832', 'fruitName': 'Black Grapes', 'lineTotal': 100.0, 'unitPrice': 100.0, 'updatedAt': '2026-05-13T21:59:37.224281', 'quantityKg': 1.0, 'updatedDate': '2026-05-13', 'updatedTime': '21:59:37', 'displayMetric': 'kg'}]",False,False
TXN-20260513-215942-4841,2026-05-13T21:59:42.981602+00:00,2026-05-13,21:59:42,100.0,1,"[{'icon': '🥭', 'soldAt': '2026-05-13T21:59:42.981602', 'fruitId': 'custom_chakkara_kutty', 'soldDate': '2026-05-13', 'soldTime': '21:59:42', 'createdAt': '2026-05-13T21:59:41.724426', 'fruitName': 'Chakkara Kutty', 'lineTotal': 100.0, 'unitPrice': 200.0, 'updatedAt': '2026-05-13T21:59:41.724426', 'quantityKg': 0.5, 'updatedDate': '2026-05-13', 'updatedTime': '21:59:41', 'displayMetric': 'kg'}]",False,False
TXN-20260513-220942-6509,2026-05-13T22:09:42.926599+00:00,2026-05-13,22:09:42,90.0,1,"[{'icon': '🍌', 'soldAt': '2026-05-13T22:09:42.926599', 'fruitId': 'banana_yelakki', 'soldDate': '2026-05-13', 'soldTime': '22:09:42', 'createdAt': '2026-05-13T22:09:41.256210', 'fruitName': 'Yelakki Banana', 'lineTotal': 90.0, 'unitPrice': 90.0, 'updatedAt': '2026-05-13T22:09:42.309083', 'quantityKg': 1.0, 'updatedDate': '2026-05-13', 'updatedTime': '22:09:42', 'displayMetric': 'kg'}]",False,False
TXN-20260513-220948-4754,2026-05-13T22:09:48.182853+00:00,2026-05-13,22:09:48,135.0,1,"[{'icon': '🍉', 'soldAt': '2026-05-13T22:09:48.182853', 'fruitId': 'watermelon_kiran', 'soldDate': '2026-05-13', 'soldTime': '22:09:48', 'createdAt': '2026-05-13T22:09:44.604487', 'fruitName': 'Watermelon Kiran', 'lineTotal': 135.0, 'unitPrice': 45.0, 'updatedAt': '2026-05-13T22:09:46.545062', 'quantityKg': 3.0, 'updatedDate': '2026-05-13', 'updatedTime': '22:09:46', 'displayMetric': 'kg'}]",False,False
TXN-20260513-220953-9836,2026-05-13T22:09:53.112473+00:00,2026-05-13,22:09:53,70.0,1,"[{'icon': '🍉', 'soldAt': '2026-05-13T22:09:53.112473', 'fruitId': 'watermelon', 'soldDate': '2026-05-13', 'soldTime': '22:09:53', 'createdAt': '2026-05-13T22:09:50.103977', 'fruitName': 'Watermelon', 'lineTotal': 70.0, 'unitPrice': 35.0, 'updatedAt': '2026-05-13T22:09:50.949333', 'quantityKg': 2.0, 'updatedDate': '2026-05-13', 'updatedTime': '22:09:50', 'displayMetric': 'kg'}]",False,False
TXN-20260513-220958-3038,2026-05-13T22:09:58.739718+00:00,2026-05-13,22:09:58,140.0,1,"[{'icon': '🍊', 'soldAt': '2026-05-13T22:09:58.739718', 'fruitId': 'orange_mandarin', 'soldDate': '2026-05-13', 'soldTime': '22:09:58', 'createdAt': '2026-05-13T22:09:56.905409', 'fruitName': 'Mandarin Orange', 'lineTotal': 140.0, 'unitPrice': 140.0, 'updatedAt': '2026-05-13T22:09:58.176031', 'quantityKg': 1.0, 'updatedDate': '2026-05-13', 'updatedTime': '22:09:58', 'displayMetric': 'kg'}]",False,False
TXN-20260514-082550-8239,2026-05-14T08:25:50.05104+00:00,2026-05-14,08:25:50,60.0,1,"[{'icon': '🥭', 'soldAt': '2026-05-14T08:25:50.051040', 'fruitId': 'custom_alphonso', 'soldDate': '2026-05-14', 'soldTime': '08:25:50', 'createdAt': '2026-05-14T08:25:48.510697', 'fruitName': 'Alphonso', 'lineTotal': 60.0, 'unitPrice': 120.0, 'updatedAt': '2026-05-14T08:25:48.510697', 'quantityKg': 0.5, 'updatedDate': '2026-05-14', 'updatedTime': '08:25:48', 'displayMetric': 'kg'}]",False,False
TXN-20260514-082556-4103,2026-05-14T08:25:56.450826+00:00,2026-05-14,08:25:56,90.0,1,"[{'icon': '🍌', 'soldAt': '2026-05-14T08:25:56.450826', 'fruitId': 'banana_yelakki', 'soldDate': '2026-05-14', 'soldTime': '08:25:56', 'createdAt': '2026-05-14T08:25:54.766727', 'fruitName': 'Yelakki Banana', 'lineTotal': 90.0, 'unitPrice': 90.0, 'updatedAt': '2026-05-14T08:25:55.418367', 'quantityKg': 1.0, 'updatedDate': '2026-05-14', 'updatedTime': '08:25:55', 'displayMetric': 'kg'}]",False,False
TXN-20260514-082601-4430,2026-05-14T08:26:01.719462+00:00,2026-05-14,08:26:01,90.0,1,"[{'icon': '🍉', 'soldAt': '2026-05-14T08:26:01.719462', 'fruitId': 'watermelon_kiran', 'soldDate': '2026-05-14', 'soldTime': '08:26:01', 'createdAt': '2026-05-14T08:25:58.751721', 'fruitName': 'Watermelon Kiran', 'lineTotal': 90.0, 'unitPrice': 45.0, 'updatedAt': '2026-05-14T08:25:59.569467', 'quantityKg': 2.0, 'updatedDate': '2026-05-14', 'updatedTime': '08:25:59', 'displayMetric': 'kg'}]",False,False
TXN-20260514-082613-9581,2026-05-14T08:26:13.062832+00:00,2026-05-14,08:26:13,80.0,1,"[{'icon': '🍎', 'soldAt': '2026-05-14T08:26:13.062832', 'fruitId': 'pomegranate', 'soldDate': '2026-05-14', 'soldTime': '08:26:13', 'createdAt': '2026-05-14T08:26:04.606514', 'fruitName': 'Pomegranate', 'lineTotal': 80.0, 'unitPrice': 160.0, 'updatedAt': '2026-05-14T08:26:04.606514', 'quantityKg': 0.5, 'updatedDate': '2026-05-14', 'updatedTime': '08:26:04', 'displayMetric': 'kg'}]",False,False
TXN-20260514-082703-9872,2026-05-14T08:27:03.758928+00:00,2026-05-14,08:27:03,320.0,5,"[{'icon': '🍎', 'soldAt': '2026-05-14T08:27:03.758928', 'fruitId': 'apple_washington', 'soldDate': '2026-05-14', 'soldTime': '08:27:03', 'createdAt': '2026-05-14T08:26:24.957221', 'fruitName': 'Apple Washington', 'lineTotal': 90.0, 'unitPrice': 180.0, 'updatedAt': '2026-05-14T08:26:24.957221', 'quantityKg': 0.5, 'updatedDate': '2026-05-14', 'updatedTime': '08:26:24', 'displayMetric': 'kg'}, {'icon': '🍌', 'soldAt': '2026-05-14T08:27:03.758928', 'fruitId': 'banana_big', 'soldDate': '2026-05-14', 'soldTime': '08:27:03', 'createdAt': '2026-05-14T08:26:26.640773', 'fruitName': 'Banana', 'lineTotal': 40.0, 'unitPrice': 40.0, 'updatedAt': '2026-05-14T08:26:27.411388', 'quantityKg': 1.0, 'updatedDate': '2026-05-14', 'updatedTime': '08:26:27', 'displayMetric': 'kg'}, {'icon': '🍇', 'soldAt': '2026-05-14T08:27:03.758928', 'fruitId': 'grapes_black', 'soldDate': '2026-05-14', 'soldTime': '08:27:03', 'createdAt': '2026-05-14T08:26:37.472560', 'fruitName': 'Black Grapes', 'lineTotal': 30.0, 'unitPrice': 100.0, 'updatedAt': '2026-05-14T08:26:37.472560', 'quantityKg': 0.3, 'updatedDate': '2026-05-14', 'updatedTime': '08:26:37', 'displayMetric': 'g'}, {'icon': '🥭', 'soldAt': '2026-05-14T08:27:03.758928', 'fruitId': 'custom_chakkara_kutty', 'soldDate': '2026-05-14', 'soldTime': '08:27:03', 'createdAt': '2026-05-14T08:26:40.699136', 'fruitName': 'Chakkara Kutty', 'lineTotal': 100.0, 'unitPrice': 200.0, 'updatedAt': '2026-05-14T08:26:40.699136', 'quantityKg': 0.5, 'updatedDate': '2026-05-14', 'updatedTime': '08:26:40', 'displayMetric': 'kg'}, {'icon': '🥭', 'soldAt': '2026-05-14T08:27:03.758928', 'fruitId': 'papaya', 'soldDate': '2026-05-14', 'soldTime': '08:27:03', 'createdAt': '2026-05-14T08:26:46.384681', 'fruitName': 'Papaya', 'lineTotal': 60.0, 'unitPrice': 50.0, 'updatedAt': '2026-05-14T08:26:59.516841', 'quantityKg': 1.2, 'updatedDate': '2026-05-14', 'updatedTime': '08:26:59', 'displayMetric': 'g'}]",False,False
TXN-20260514-090801-3892,2026-05-14T09:08:01.091709+00:00,2026-05-14,09:08:01,60.0,1,"[{'icon': '🥭', 'soldAt': '2026-05-14T09:08:01.091709', 'fruitId': 'custom_alphonso', 'soldDate': '2026-05-14', 'soldTime': '09:08:01', 'createdAt': '2026-05-14T09:07:59.936115', 'fruitName': 'Alphonso', 'lineTotal': 60.0, 'unitPrice': 120.0, 'updatedAt': '2026-05-14T09:07:59.936115', 'quantityKg': 0.5, 'updatedDate': '2026-05-14', 'updatedTime': '09:07:59', 'displayMetric': 'kg'}]",False,False
TXN-20260514-090806-1036,2026-05-14T09:08:06.02646+00:00,2026-05-14,09:08:06,180.0,1,"[{'icon': '🍎', 'soldAt': '2026-05-14T09:08:06.026460', 'fruitId': 'apple_washington', 'soldDate': '2026-05-14', 'soldTime': '09:08:06', 'createdAt': '2026-05-14T09:08:02.943530', 'fruitName': 'Apple Washington', 'lineTotal': 180.0, 'unitPrice': 180.0, 'updatedAt': '2026-05-14T09:08:03.596841', 'quantityKg': 1.0, 'updatedDate': '2026-05-14', 'updatedTime': '09:08:03', 'displayMetric': 'kg'}]",False,False
TXN-20260514-090811-9577,2026-05-14T09:08:11.12724+00:00,2026-05-14,09:08:11,40.0,1,"[{'icon': '🍌', 'soldAt': '2026-05-14T09:08:11.127240', 'fruitId': 'banana_big', 'soldDate': '2026-05-14', 'soldTime': '09:08:11', 'createdAt': '2026-05-14T09:08:08.424955', 'fruitName': 'Banana', 'lineTotal': 40.0, 'unitPrice': 40.0, 'updatedAt': '2026-05-14T09:08:09.192631', 'quantityKg': 1.0, 'updatedDate': '2026-05-14', 'updatedTime': '09:08:09', 'displayMetric': 'kg'}]",False,False
TXN-20260514-090816-9695,2026-05-14T09:08:16.045472+00:00,2026-05-14,09:08:16,100.0,1,"[{'icon': '🥭', 'soldAt': '2026-05-14T09:08:16.045472', 'fruitId': 'custom_chakkara_kutty', 'soldDate': '2026-05-14', 'soldTime': '09:08:16', 'createdAt': '2026-05-14T09:08:14.211018', 'fruitName': 'Chakkara Kutty', 'lineTotal': 100.0, 'unitPrice': 200.0, 'updatedAt': '2026-05-14T09:08:14.211018', 'quantityKg': 0.5, 'updatedDate': '2026-05-14', 'updatedTime': '09:08:14', 'displayMetric': 'kg'}]",False,False
TXN-20260514-090821-9632,2026-05-14T09:08:21.101341+00:00,2026-05-14,09:08:21,70.0,1,"[{'icon': '🍊', 'soldAt': '2026-05-14T09:08:21.101341', 'fruitId': 'orange_mandarin', 'soldDate': '2026-05-14', 'soldTime': '09:08:21', 'createdAt': '2026-05-14T09:08:18.129527', 'fruitName': 'Mandarin Orange', 'lineTotal': 70.0, 'unitPrice': 140.0, 'updatedAt': '2026-05-14T09:08:18.129527', 'quantityKg': 0.5, 'updatedDate': '2026-05-14', 'updatedTime': '09:08:18', 'displayMetric': 'kg'}]",False,False
TXN-20260516-174042-1774,2026-05-16T17:40:42.747953+00:00,2026-05-16,17:40:42,60.0,1,"[{'icon': '🥭', 'soldAt': '2026-05-16T17:40:42.747953', 'fruitId': 'custom_alphonso', 'soldDate': '2026-05-16', 'soldTime': '17:40:42', 'createdAt': '2026-05-16T17:40:41.740696', 'fruitName': 'Alphonso', 'lineTotal': 60.0, 'unitPrice': 120.0, 'updatedAt': '2026-05-16T17:40:41.740696', 'quantityKg': 0.5, 'updatedDate': '2026-05-16', 'updatedTime': '17:40:41', 'displayMetric': 'kg'}]",False,False
TXN-20260516-174050-2941,2026-05-16T17:40:50.452577+00:00,2026-05-16,17:40:50,110.0,2,"[{'icon': '🍎', 'soldAt': '2026-05-16T17:40:50.452577', 'fruitId': 'apple_washington', 'soldDate': '2026-05-16', 'soldTime': '17:40:50', 'createdAt': '2026-05-16T17:40:45.506441', 'fruitName': 'Apple Washington', 'lineTotal': 90.0, 'unitPrice': 180.0, 'updatedAt': '2026-05-16T17:40:45.506441', 'quantityKg': 0.5, 'updatedDate': '2026-05-16', 'updatedTime': '17:40:45', 'displayMetric': 'kg'}, {'icon': '🍌', 'soldAt': '2026-05-16T17:40:50.452577', 'fruitId': 'banana_big', 'soldDate': '2026-05-16', 'soldTime': '17:40:50', 'createdAt': '2026-05-16T17:40:48.615744', 'fruitName': 'Banana', 'lineTotal': 20.0, 'unitPrice': 40.0, 'updatedAt': '2026-05-16T17:40:48.615744', 'quantityKg': 0.5, 'updatedDate': '2026-05-16', 'updatedTime': '17:40:48', 'displayMetric': 'kg'}]",False,False
TXN-20260516-174055-3664,2026-05-16T17:40:55.432574+00:00,2026-05-16,17:40:55,100.0,1,"[{'icon': '🍇', 'soldAt': '2026-05-16T17:40:55.432574', 'fruitId': 'grapes_black', 'soldDate': '2026-05-16', 'soldTime': '17:40:55', 'createdAt': '2026-05-16T17:40:52.555121', 'fruitName': 'Black Grapes', 'lineTotal': 100.0, 'unitPrice': 100.0, 'updatedAt': '2026-05-16T17:40:53.498151', 'quantityKg': 1.0, 'updatedDate': '2026-05-16', 'updatedTime': '17:40:53', 'displayMetric': 'kg'}]",False,False
TXN-20260516-174100-5315,2026-05-16T17:41:00.776736+00:00,2026-05-16,17:41:00,90.0,1,"[{'icon': '🍌', 'soldAt': '2026-05-16T17:41:00.776736', 'fruitId': 'banana_yelakki', 'soldDate': '2026-05-16', 'soldTime': '17:41:00', 'createdAt': '2026-05-16T17:40:57.949195', 'fruitName': 'Yelakki Banana', 'lineTotal': 90.0, 'unitPrice': 90.0, 'updatedAt': '2026-05-16T17:40:58.563176', 'quantityKg': 1.0, 'updatedDate': '2026-05-16', 'updatedTime': '17:40:58', 'displayMetric': 'kg'}]",False,False
TXN-20260516-174108-7982,2026-05-16T17:41:08.603944+00:00,2026-05-16,17:41:08,150.0,2,"[{'icon': '🍉', 'soldAt': '2026-05-16T17:41:08.603944', 'fruitId': 'watermelon', 'soldDate': '2026-05-16', 'soldTime': '17:41:08', 'createdAt': '2026-05-16T17:41:05.215102', 'fruitName': 'Watermelon', 'lineTotal': 105.0, 'unitPrice': 35.0, 'updatedAt': '2026-05-16T17:41:07.413006', 'quantityKg': 3.0, 'updatedDate': '2026-05-16', 'updatedTime': '17:41:07', 'displayMetric': 'kg'}, {'icon': '🍉', 'soldAt': '2026-05-16T17:41:08.603944', 'fruitId': 'watermelon_kiran', 'soldDate': '2026-05-16', 'soldTime': '17:41:08', 'createdAt': '2026-05-16T17:41:04.170411', 'fruitName': 'Watermelon Kiran', 'lineTotal': 45.0, 'unitPrice': 45.0, 'updatedAt': '2026-05-16T17:41:04.170411', 'quantityKg': 1.0, 'updatedDate': '2026-05-16', 'updatedTime': '17:41:04', 'displayMetric': 'kg'}]",False,False
TXN-20260517-180048-1045,2026-05-17T18:00:48.790096+00:00,2026-05-17,18:00:48,265.0,4,"[{'icon': '🥭', 'soldAt': '2026-05-17T18:00:48.790096', 'fruitId': 'papaya', 'soldDate': '2026-05-17', 'soldTime': '18:00:48', 'createdAt': '2026-05-16T17:41:19.739530', 'fruitName': 'Papaya', 'lineTotal': 25.0, 'unitPrice': 50.0, 'updatedAt': '2026-05-16T17:41:19.739530', 'quantityKg': 0.5, 'updatedDate': '2026-05-16', 'updatedTime': '17:41:19', 'displayMetric': 'kg'}, {'icon': '🍎', 'soldAt': '2026-05-17T18:00:48.790096', 'fruitId': 'pomegranate', 'soldDate': '2026-05-17', 'soldTime': '18:00:48', 'createdAt': '2026-05-16T17:41:17.241553', 'fruitName': 'Pomegranate', 'lineTotal': 160.0, 'unitPrice': 160.0, 'updatedAt': '2026-05-16T22:31:04.790964', 'quantityKg': 1.0, 'updatedDate': '2026-05-16', 'updatedTime': '22:31:04', 'displayMetric': 'kg'}, {'icon': '🍉', 'soldAt': '2026-05-17T18:00:48.790096', 'fruitId': 'watermelon', 'soldDate': '2026-05-17', 'soldTime': '18:00:48', 'createdAt': '2026-05-16T17:41:15.068856', 'fruitName': 'Watermelon', 'lineTotal': 35.0, 'unitPrice': 35.0, 'updatedAt': '2026-05-16T17:41:15.068856', 'quantityKg': 1.0, 'updatedDate': '2026-05-16', 'updatedTime': '17:41:15', 'displayMetric': 'kg'}, {'icon': '🍉', 'soldAt': '2026-05-17T18:00:48.790096', 'fruitId': 'watermelon_kiran', 'soldDate': '2026-05-17', 'soldTime': '18:00:48', 'createdAt': '2026-05-16T17:41:13.667391', 'fruitName': 'Watermelon Kiran', 'lineTotal': 45.0, 'unitPrice': 45.0, 'updatedAt': '2026-05-16T17:41:13.667391', 'quantityKg': 1.0, 'updatedDate': '2026-05-16', 'updatedTime': '17:41:13', 'displayMetric': 'kg'}]",False,False
TXN-20260517-180056-3929,2026-05-17T18:00:56.194604+00:00,2026-05-17,18:00:56,60.0,1,"[{'icon': '🥭', 'soldAt': '2026-05-17T18:00:56.194604', 'fruitId': 'custom_alphonso', 'soldDate': '2026-05-17', 'soldTime': '18:00:56', 'createdAt': '2026-05-17T18:00:54.045754', 'fruitName': 'Alphonso', 'lineTotal': 60.0, 'unitPrice': 120.0, 'updatedAt': '2026-05-17T18:00:54.045754', 'quantityKg': 0.5, 'updatedDate': '2026-05-17', 'updatedTime': '18:00:54', 'displayMetric': 'kg'}]",False,False
TXN-20260517-180101-5784,2026-05-17T18:01:01.732928+00:00,2026-05-17,18:01:01,135.0,1,"[{'icon': '🍌', 'soldAt': '2026-05-17T18:01:01.732928', 'fruitId': 'banana_yelakki', 'soldDate': '2026-05-17', 'soldTime': '18:01:01', 'createdAt': '2026-05-17T18:00:59.932115', 'fruitName': 'Yelakki Banana', 'lineTotal': 135.0, 'unitPrice': 90.0, 'updatedAt': '2026-05-17T18:01:01.204244', 'quantityKg': 1.5, 'updatedDate': '2026-05-17', 'updatedTime': '18:01:01', 'displayMetric': 'kg'}]",False,False
TXN-20260517-180108-7272,2026-05-17T18:01:08.702116+00:00,2026-05-17,18:01:08,135.0,1,"[{'icon': '🍉', 'soldAt': '2026-05-17T18:01:08.702116', 'fruitId': 'watermelon_kiran', 'soldDate': '2026-05-17', 'soldTime': '18:01:08', 'createdAt': '2026-05-17T18:01:03.432101', 'fruitName': 'Watermelon Kiran', 'lineTotal': 135.0, 'unitPrice': 45.0, 'updatedAt': '2026-05-17T18:01:08.017327', 'quantityKg': 3.0, 'updatedDate': '2026-05-17', 'updatedTime': '18:01:08', 'displayMetric': 'kg'}]",False,False
TXN-20260517-180114-4065,2026-05-17T18:01:14.452732+00:00,2026-05-17,18:01:14,105.0,1,"[{'icon': '🍉', 'soldAt': '2026-05-17T18:01:14.452732', 'fruitId': 'watermelon', 'soldDate': '2026-05-17', 'soldTime': '18:01:14', 'createdAt': '2026-05-17T18:01:10.734864', 'fruitName': 'Watermelon', 'lineTotal': 105.0, 'unitPrice': 35.0, 'updatedAt': '2026-05-17T18:01:12.251212', 'quantityKg': 3.0, 'updatedDate': '2026-05-17', 'updatedTime': '18:01:12', 'displayMetric': 'kg'}]",False,False
TXN-20260517-180129-4863,2026-05-17T18:01:29.079394+00:00,2026-05-17,18:01:29,160.0,1,"[{'icon': '🍎', 'soldAt': '2026-05-17T18:01:29.079394', 'fruitId': 'pomegranate', 'soldDate': '2026-05-17', 'soldTime': '18:01:29', 'createdAt': '2026-05-17T18:01:27.926861', 'fruitName': 'Pomegranate', 'lineTotal': 160.0, 'unitPrice': 160.0, 'updatedAt': '2026-05-17T18:01:28.494630', 'quantityKg': 1.0, 'updatedDate': '2026-05-17', 'updatedTime': '18:01:28', 'displayMetric': 'kg'}]",False,False
TXN-20260517-180133-6648,2026-05-17T18:01:33.946013+00:00,2026-05-17,18:01:33,100.0,1,"[{'icon': '🥭', 'soldAt': '2026-05-17T18:01:33.946013', 'fruitId': 'papaya', 'soldDate': '2026-05-17', 'soldTime': '18:01:33', 'createdAt': '2026-05-17T18:01:30.978293', 'fruitName': 'Papaya', 'lineTotal': 100.0, 'unitPrice': 50.0, 'updatedAt': '2026-05-17T18:01:32.963088', 'quantityKg': 2.0, 'updatedDate': '2026-05-17', 'updatedTime': '18:01:32', 'displayMetric': 'kg'}]",False,False
TXN-20260517-180138-9439,2026-05-17T18:01:38.865083+00:00,2026-05-17,18:01:38,140.0,1,"[{'icon': '🍊', 'soldAt': '2026-05-17T18:01:38.865083', 'fruitId': 'orange_mandarin', 'soldDate': '2026-05-17', 'soldTime': '18:01:38', 'createdAt': '2026-05-17T18:01:35.580161', 'fruitName': 'Mandarin Orange', 'lineTotal': 140.0, 'unitPrice': 140.0, 'updatedAt': '2026-05-17T18:01:36.214575', 'quantityKg': 1.0, 'updatedDate': '2026-05-17', 'updatedTime': '18:01:36', 'displayMetric': 'kg'}]",False,False
TXN-20260517-180143-4937,2026-05-17T18:01:43.700613+00:00,2026-05-17,18:01:43,300.0,1,"[{'icon': '🥭', 'soldAt': '2026-05-17T18:01:43.700613', 'fruitId': 'custom_chakkara_kutty', 'soldDate': '2026-05-17', 'soldTime': '18:01:43', 'createdAt': '2026-05-17T18:01:40.950154', 'fruitName': 'Chakkara Kutty', 'lineTotal': 300.0, 'unitPrice': 200.0, 'updatedAt': '2026-05-17T18:01:42.068462', 'quantityKg': 1.5, 'updatedDate': '2026-05-17', 'updatedTime': '18:01:42', 'displayMetric': 'kg'}]",False,False
TXN-20260517-180148-3163,2026-05-17T18:01:48.570069+00:00,2026-05-17,18:01:48,150.0,1,"[{'icon': '🍇', 'soldAt': '2026-05-17T18:01:48.570069', 'fruitId': 'grapes_black', 'soldDate': '2026-05-17', 'soldTime': '18:01:48', 'createdAt': '2026-05-17T18:01:44.985097', 'fruitName': 'Black Grapes', 'lineTotal': 150.0, 'unitPrice': 100.0, 'updatedAt': '2026-05-17T18:01:46.303469', 'quantityKg': 1.5, 'updatedDate': '2026-05-17', 'updatedTime': '18:01:46', 'displayMetric': 'kg'}]",False,False
TXN-20260519-105050-7515,2026-05-19T10:50:50.4627+00:00,2026-05-19,10:50:50,120.0,1,"[{'icon': '🥭', 'soldAt': '2026-05-19T10:50:50.462700', 'fruitId': 'custom_alphonso', 'soldDate': '2026-05-19', 'soldTime': '10:50:50', 'createdAt': '2026-05-19T10:50:48.899297', 'fruitName': 'Alphonso', 'lineTotal': 120.0, 'unitPrice': 120.0, 'updatedAt': '2026-05-19T10:50:49.640216', 'quantityKg': 1.0, 'updatedDate': '2026-05-19', 'updatedTime': '10:50:49', 'displayMetric': 'kg'}]",False,False
TXN-20260519-105055-3198,2026-05-19T10:50:55.539813+00:00,2026-05-19,10:50:55,180.0,1,"[{'icon': '🍎', 'soldAt': '2026-05-19T10:50:55.539813', 'fruitId': 'apple_washington', 'soldDate': '2026-05-19', 'soldTime': '10:50:55', 'createdAt': '2026-05-19T10:50:52.261039', 'fruitName': 'Apple Washington', 'lineTotal': 180.0, 'unitPrice': 180.0, 'updatedAt': '2026-05-19T10:50:52.909880', 'quantityKg': 1.0, 'updatedDate': '2026-05-19', 'updatedTime': '10:50:52', 'displayMetric': 'kg'}]",False,False
TXN-20260519-212613-3303,2026-05-19T21:26:13.358266+00:00,2026-05-19,21:26:13,50.0,1,"[{'icon': '🍇', 'soldAt': '2026-05-19T21:26:13.358266', 'fruitId': 'grapes_black', 'soldDate': '2026-05-19', 'soldTime': '21:26:13', 'createdAt': '2026-05-19T21:26:11.847394', 'fruitName': 'Black Grapes', 'lineTotal': 50.0, 'unitPrice': 100.0, 'updatedAt': '2026-05-19T21:26:11.847394', 'quantityKg': 0.5, 'updatedDate': '2026-05-19', 'updatedTime': '21:26:11', 'displayMetric': 'kg'}]",False,False
TXN-20260519-212618-3458,2026-05-19T21:26:18.31302+00:00,2026-05-19,21:26:18,200.0,1,"[{'icon': '🥭', 'soldAt': '2026-05-19T21:26:18.313020', 'fruitId': 'custom_chakkara_kutty', 'soldDate': '2026-05-19', 'soldTime': '21:26:18', 'createdAt': '2026-05-19T21:26:15.339985', 'fruitName': 'Chakkara Kutty', 'lineTotal': 200.0, 'unitPrice': 200.0, 'updatedAt': '2026-05-19T21:26:16.105545', 'quantityKg': 1.0, 'updatedDate': '2026-05-19', 'updatedTime': '21:26:16', 'displayMetric': 'kg'}]",False,False
TXN-20260519-212623-3128,2026-05-19T21:26:23.341012+00:00,2026-05-19,21:26:23,80.0,1,"[{'icon': '🍎', 'soldAt': '2026-05-19T21:26:23.341012', 'fruitId': 'pomegranate', 'soldDate': '2026-05-19', 'soldTime': '21:26:23', 'createdAt': '2026-05-19T21:26:20.642456', 'fruitName': 'Pomegranate', 'lineTotal': 80.0, 'unitPrice': 160.0, 'updatedAt': '2026-05-19T21:26:20.642456', 'quantityKg': 0.5, 'updatedDate': '2026-05-19', 'updatedTime': '21:26:20', 'displayMetric': 'kg'}]",False,False
TXN-20260519-212628-3322,2026-05-19T21:26:28.311131+00:00,2026-05-19,21:26:28,105.0,1,"[{'icon': '🍉', 'soldAt': '2026-05-19T21:26:28.311131', 'fruitId': 'watermelon', 'soldDate': '2026-05-19', 'soldTime': '21:26:28', 'createdAt': '2026-05-19T21:26:24.992733', 'fruitName': 'Watermelon', 'lineTotal': 105.0, 'unitPrice': 35.0, 'updatedAt': '2026-05-19T21:26:26.026838', 'quantityKg': 3.0, 'updatedDate': '2026-05-19', 'updatedTime': '21:26:26', 'displayMetric': 'kg'}]",False,False
TXN-20260519-212633-2798,2026-05-19T21:26:33.380103+00:00,2026-05-19,21:26:33,90.0,1,"[{'icon': '🍌', 'soldAt': '2026-05-19T21:26:33.380103', 'fruitId': 'banana_yelakki', 'soldDate': '2026-05-19', 'soldTime': '21:26:33', 'createdAt': '2026-05-19T21:26:30.111646', 'fruitName': 'Yelakki Banana', 'lineTotal': 90.0, 'unitPrice': 90.0, 'updatedAt': '2026-05-19T21:26:30.697765', 'quantityKg': 1.0, 'updatedDate': '2026-05-19', 'updatedTime': '21:26:30', 'displayMetric': 'kg'}]",False,False
TXN-20260519-190718-7376,2026-05-19T19:07:18.699+00:00,2026-05-19,19:07:18,175.0,2,"[{'icon': '🍋', 'soldAt': '2026-05-19T19:07:18.699', 'fruitId': 'musambi', 'soldDate': '2026-05-19', 'soldTime': '19:07:18', 'createdAt': '2026-05-19T19:06:58.799', 'fruitName': 'Musambi', 'lineTotal': 40, 'unitPrice': 80, 'updatedAt': '2026-05-19T19:06:58.799', 'quantityKg': 0.5, 'updatedDate': '2026-05-19', 'updatedTime': '19:06:58', 'displayMetric': 'kg'}, {'icon': '🍉', 'soldAt': '2026-05-19T19:07:18.699', 'fruitId': 'watermelon_kiran', 'soldDate': '2026-05-19', 'soldTime': '19:07:18', 'createdAt': '2026-05-19T19:07:06.920', 'fruitName': 'Watermelon Kiran', 'lineTotal': 135, 'unitPrice': 45, 'updatedAt': '2026-05-19T19:07:15.486', 'quantityKg': 3, 'updatedDate': '2026-05-19', 'updatedTime': '19:07:15', 'displayMetric': 'kg'}]",False,False
TXN-20260520-194110-4910,2026-05-20T19:41:10.308824+00:00,2026-05-20,19:41:10,520.0,1,"[{'icon': '🍎', 'soldAt': '2026-05-20T19:41:10.308824', 'fruitId': 'pomegranate', 'soldDate': '2026-05-20', 'soldTime': '19:41:10', 'createdAt': '2026-05-20T19:41:08.655233', 'fruitName': 'Pomegranate', 'lineTotal': 520.0, 'unitPrice': 260.0, 'updatedAt': '2026-05-20T19:41:08.655233', 'quantityKg': 2.0, 'updatedDate': '2026-05-20', 'updatedTime': '19:41:08', 'displayMetric': 'kg'}]",False,False
TXN-20260519-221058-6328,2026-05-19T22:10:58.075+00:00,2026-05-19,22:10:58,190.0,2,"[{'icon': '🍇', 'soldAt': '2026-05-19T22:10:58.075', 'fruitId': 'grapes_black', 'soldDate': '2026-05-19', 'soldTime': '22:10:58', 'createdAt': '2026-05-19T22:10:48.588', 'fruitName': 'Black Grapes', 'lineTotal': 50, 'unitPrice': 100, 'updatedAt': '2026-05-19T22:10:48.588', 'quantityKg': 0.5, 'updatedDate': '2026-05-19', 'updatedTime': '22:10:48', 'displayMetric': 'kg'}, {'icon': '🍊', 'soldAt': '2026-05-19T22:10:58.075', 'fruitId': 'orange_mandarin', 'soldDate': '2026-05-19', 'soldTime': '22:10:58', 'createdAt': '2026-05-19T22:10:53.417', 'fruitName': 'Mandarin Orange', 'lineTotal': 140, 'unitPrice': 140, 'updatedAt': '2026-05-19T22:10:56.034', 'quantityKg': 1, 'updatedDate': '2026-05-19', 'updatedTime': '22:10:56', 'displayMetric': 'kg'}]",False,False
TXN-20260520-080904-2374,2026-05-20T08:09:04.21076+00:00,2026-05-20,08:09:04,60.0,1,"[{'icon': '🥭', 'soldAt': '2026-05-20T08:09:04.210760', 'fruitId': 'custom_alphonso', 'soldDate': '2026-05-20', 'soldTime': '08:09:04', 'createdAt': '2026-05-20T08:09:02.086671', 'fruitName': 'Alphonso', 'lineTotal': 60.0, 'unitPrice': 120.0, 'updatedAt': '2026-05-20T08:09:02.086671', 'quantityKg': 0.5, 'updatedDate': '2026-05-20', 'updatedTime': '08:09:02', 'displayMetric': 'kg'}]",False,False
TXN-20260520-080909-9766,2026-05-20T08:09:09.973565+00:00,2026-05-20,08:09:09,200.0,1,"[{'icon': '🥭', 'soldAt': '2026-05-20T08:09:09.973565', 'fruitId': 'custom_chakkara_kutty', 'soldDate': '2026-05-20', 'soldTime': '08:09:09', 'createdAt': '2026-05-20T08:09:08.381914', 'fruitName': 'Chakkara Kutty', 'lineTotal': 200.0, 'unitPrice': 200.0, 'updatedAt': '2026-05-20T08:09:09.202230', 'quantityKg': 1.0, 'updatedDate': '2026-05-20', 'updatedTime': '08:09:09', 'displayMetric': 'kg'}]",False,False
TXN-20260520-181320-9603,2026-05-20T18:13:20.888+00:00,2026-05-20,18:13:20,270.0,1,"[{'icon': '🍉', 'soldAt': '2026-05-20T18:13:20.888', 'fruitId': 'watermelon_kiran', 'soldDate': '2026-05-20', 'soldTime': '18:13:20', 'createdAt': '2026-05-20T18:13:17.497', 'fruitName': 'Watermelon Kiran', 'lineTotal': 270, 'unitPrice': 45, 'updatedAt': '2026-05-20T18:13:19.681', 'quantityKg': 6, 'updatedDate': '2026-05-20', 'updatedTime': '18:13:19', 'displayMetric': 'kg'}]",False,False
TXN-20260520-182448-5804,2026-05-20T18:24:48.59+00:00,2026-05-20,18:24:48,90.0,1,"[{'icon': '🍎', 'soldAt': '2026-05-20T18:24:48.590', 'fruitId': 'apple_washington', 'soldDate': '2026-05-20', 'soldTime': '18:24:48', 'createdAt': '2026-05-20T18:24:38.591', 'fruitName': 'Apple Washington', 'lineTotal': 90, 'unitPrice': 180, 'updatedAt': '2026-05-20T18:24:40.574', 'quantityKg': 0.5, 'updatedDate': '2026-05-20', 'updatedTime': '18:24:40', 'displayMetric': 'kg'}]",False,False
TXN-20260520-182453-6863,2026-05-20T18:24:53.907+00:00,2026-05-20,18:24:53,60.0,1,"[{'icon': '🍌', 'soldAt': '2026-05-20T18:24:53.907', 'fruitId': 'banana_big', 'soldDate': '2026-05-20', 'soldTime': '18:24:53', 'createdAt': '2026-05-20T18:24:51.053', 'fruitName': 'Banana', 'lineTotal': 60, 'unitPrice': 60, 'updatedAt': '2026-05-20T18:24:52.128', 'quantityKg': 1, 'updatedDate': '2026-05-20', 'updatedTime': '18:24:52', 'displayMetric': 'kg'}]",False,False
TXN-20260520-184140-7412,2026-05-20T18:41:40.523+00:00,2026-05-20,18:41:40,90.0,1,"[{'icon': '🍎', 'soldAt': '2026-05-20T18:41:40.523', 'fruitId': 'apple_washington', 'soldDate': '2026-05-20', 'soldTime': '18:41:40', 'createdAt': '2026-05-20T18:41:37.944', 'fruitName': 'Apple Washington', 'lineTotal': 90, 'unitPrice': 180, 'updatedAt': '2026-05-20T18:41:37.944', 'quantityKg': 0.5, 'updatedDate': '2026-05-20', 'updatedTime': '18:41:37', 'displayMetric': 'kg'}]",False,False
TXN-20260520-193829-4777,2026-05-20T19:38:29.55128+00:00,2026-05-20,19:38:29,80.0,1,"[{'icon': '🍌', 'soldAt': '2026-05-20T19:38:29.551280', 'fruitId': 'banana_big', 'soldDate': '2026-05-20', 'soldTime': '19:38:29', 'createdAt': '2026-05-20T19:38:12.237767', 'fruitName': 'Banana', 'lineTotal': 80.0, 'unitPrice': 40.0, 'updatedAt': '2026-05-20T19:38:26.553806', 'quantityKg': 2.0, 'updatedDate': '2026-05-20', 'updatedTime': '19:38:26', 'displayMetric': 'kg'}]",False,False
TXN-20260520-193853-6676,2026-05-20T19:38:53.820257+00:00,2026-05-20,19:38:53,300.0,1,"[{'icon': '🍊', 'soldAt': '2026-05-20T19:38:53.820257', 'fruitId': 'orange_mandarin', 'soldDate': '2026-05-20', 'soldTime': '19:38:53', 'createdAt': '2026-05-20T19:38:51.700406', 'fruitName': 'Mandarin Orange', 'lineTotal': 300.0, 'unitPrice': 300.0, 'updatedAt': '2026-05-20T19:38:51.700406', 'quantityKg': 1.0, 'updatedDate': '2026-05-20', 'updatedTime': '19:38:51', 'displayMetric': 'kg'}]",False,False
TXN-20260520-193926-2106,2026-05-20T19:39:26.015655+00:00,2026-05-20,19:39:26,200.0,1,"[{'icon': '🍎', 'soldAt': '2026-05-20T19:39:26.015655', 'fruitId': 'custom_mango_banganapalli', 'soldDate': '2026-05-20', 'soldTime': '19:39:26', 'createdAt': '2026-05-20T19:39:12.358652', 'fruitName': 'Mango Banganapalli', 'lineTotal': 200.0, 'unitPrice': 100.0, 'updatedAt': '2026-05-20T19:39:23.696499', 'quantityKg': 2.0, 'updatedDate': '2026-05-20', 'updatedTime': '19:39:23', 'displayMetric': 'kg'}]",False,False
TXN-20260520-193946-4255,2026-05-20T19:39:46.358303+00:00,2026-05-20,19:39:46,225.0,1,"[{'icon': '🍎', 'soldAt': '2026-05-20T19:39:46.358303', 'fruitId': 'custom_mango_dassari', 'soldDate': '2026-05-20', 'soldTime': '19:39:46', 'createdAt': '2026-05-20T19:39:40.779078', 'fruitName': 'Mango Dassari', 'lineTotal': 225.0, 'unitPrice': 150.0, 'updatedAt': '2026-05-20T19:39:44.471549', 'quantityKg': 1.5, 'updatedDate': '2026-05-20', 'updatedTime': '19:39:44', 'displayMetric': 'kg'}]",False,False
TXN-20260520-194016-9842,2026-05-20T19:40:16.765326+00:00,2026-05-20,19:40:16,240.0,1,"[{'icon': '🍎', 'soldAt': '2026-05-20T19:40:16.765326', 'fruitId': 'custom_mango_sendoora', 'soldDate': '2026-05-20', 'soldTime': '19:40:16', 'createdAt': '2026-05-20T19:40:08.503907', 'fruitName': 'Mango Sendoora', 'lineTotal': 240.0, 'unitPrice': 80.0, 'updatedAt': '2026-05-20T19:40:12.972241', 'quantityKg': 3.0, 'updatedDate': '2026-05-20', 'updatedTime': '19:40:12', 'displayMetric': 'kg'}]",False,False
TXN-20260520-194035-9527,2026-05-20T19:40:35.37917+00:00,2026-05-20,19:40:35,320.0,1,"[{'icon': '🍊', 'soldAt': '2026-05-20T19:40:35.379170', 'fruitId': 'orange_citrus', 'soldDate': '2026-05-20', 'soldTime': '19:40:35', 'createdAt': '2026-05-20T19:40:33.321338', 'fruitName': 'Orange Citrus', 'lineTotal': 320.0, 'unitPrice': 160.0, 'updatedAt': '2026-05-20T19:40:33.321338', 'quantityKg': 2.0, 'updatedDate': '2026-05-20', 'updatedTime': '19:40:33', 'displayMetric': 'kg'}]",False,False
TXN-20260520-194055-6848,2026-05-20T19:40:55.510445+00:00,2026-05-20,19:40:55,75.0,1,"[{'icon': '🥭', 'soldAt': '2026-05-20T19:40:55.510445', 'fruitId': 'papaya', 'soldDate': '2026-05-20', 'soldTime': '19:40:55', 'createdAt': '2026-05-20T19:40:48.689139', 'fruitName': 'Papaya', 'lineTotal': 75.0, 'unitPrice': 50.0, 'updatedAt': '2026-05-20T19:40:50.869155', 'quantityKg': 1.5, 'updatedDate': '2026-05-20', 'updatedTime': '19:40:50', 'displayMetric': 'kg'}]",False,False
TXN-20260520-194127-8603,2026-05-20T19:41:27.392515+00:00,2026-05-20,19:41:27,175.0,1,"[{'icon': '🍉', 'soldAt': '2026-05-20T19:41:27.392515', 'fruitId': 'watermelon', 'soldDate': '2026-05-20', 'soldTime': '19:41:27', 'createdAt': '2026-05-20T19:41:25.320995', 'fruitName': 'Watermelon', 'lineTotal': 175.0, 'unitPrice': 35.0, 'updatedAt': '2026-05-20T19:41:25.320995', 'quantityKg': 5.0, 'updatedDate': '2026-05-20', 'updatedTime': '19:41:25', 'displayMetric': 'kg'}]",False,False
TXN-20260520-194247-5681,2026-05-20T19:42:47.640048+00:00,2026-05-20,19:42:47,160.0,1,"[{'icon': '🍌', 'soldAt': '2026-05-20T19:42:47.640048', 'fruitId': 'banana_yelakki', 'soldDate': '2026-05-20', 'soldTime': '19:42:47', 'createdAt': '2026-05-20T19:42:33.736851', 'fruitName': 'Yelakki Banana', 'lineTotal': 160.0, 'unitPrice': 80.0, 'updatedAt': '2026-05-20T19:42:45.209485', 'quantityKg': 2.0, 'updatedDate': '2026-05-20', 'updatedTime': '19:42:45', 'displayMetric': 'kg'}]",False,False
TXN-20260520-194255-5923,2026-05-20T19:42:55.511092+00:00,2026-05-20,19:42:55,160.0,1,"[{'icon': '🍌', 'soldAt': '2026-05-20T19:42:55.511092', 'fruitId': 'banana_yelakki', 'soldDate': '2026-05-20', 'soldTime': '19:42:55', 'createdAt': '2026-05-20T19:42:52.605087', 'fruitName': 'Yelakki Banana', 'lineTotal': 160.0, 'unitPrice': 80.0, 'updatedAt': '2026-05-20T19:42:52.605087', 'quantityKg': 2.0, 'updatedDate': '2026-05-20', 'updatedTime': '19:42:52', 'displayMetric': 'kg'}]",False,False
TXN-20260520-194316-2387,2026-05-20T19:43:16.142257+00:00,2026-05-20,19:43:16,60.0,1,"[{'icon': '🍉', 'soldAt': '2026-05-20T19:43:16.142257', 'fruitId': 'watermelon_kiran', 'soldDate': '2026-05-20', 'soldTime': '19:43:16', 'createdAt': '2026-05-20T19:43:14.849633', 'fruitName': 'Watermelon Kiran', 'lineTotal': 60.0, 'unitPrice': 30.0, 'updatedAt': '2026-05-20T19:43:14.849633', 'quantityKg': 2.0, 'updatedDate': '2026-05-20', 'updatedTime': '19:43:14', 'displayMetric': 'kg'}]",False,False
TXN-20260520-194326-8750,2026-05-20T19:43:26.381427+00:00,2026-05-20,19:43:26,60.0,1,"[{'icon': '🍉', 'soldAt': '2026-05-20T19:43:26.381427', 'fruitId': 'watermelon_kiran', 'soldDate': '2026-05-20', 'soldTime': '19:43:26', 'createdAt': '2026-05-20T19:43:20.524400', 'fruitName': 'Watermelon Kiran', 'lineTotal': 60.0, 'unitPrice': 30.0, 'updatedAt': '2026-05-20T19:43:23.765204', 'quantityKg': 2.0, 'updatedDate': '2026-05-20', 'updatedTime': '19:43:23', 'displayMetric': 'kg'}]",False,False
TXN-20260521-192122-3045,2026-05-21T19:21:22.066+00:00,2026-05-21,19:21:22,220.0,1,"[{'icon': '🍎', 'soldAt': '2026-05-21T19:21:22.066', 'fruitId': 'apple_poland', 'soldDate': '2026-05-21', 'soldTime': '19:21:22', 'createdAt': '2026-05-21T19:21:19.940', 'fruitName': 'Apple Poland', 'lineTotal': 220, 'unitPrice': 220, 'updatedAt': '2026-05-21T19:21:21.130', 'quantityKg': 1, 'updatedDate': '2026-05-21', 'updatedTime': '19:21:21', 'displayMetric': 'kg'}]",False,False
TXN-20260521-192127-3207,2026-05-21T19:21:27.865+00:00,2026-05-21,19:21:27,135.0,1,"[{'icon': '🍉', 'soldAt': '2026-05-21T19:21:27.865', 'fruitId': 'watermelon_kiran', 'soldDate': '2026-05-21', 'soldTime': '19:21:27', 'createdAt': '2026-05-21T19:21:24.965', 'fruitName': 'Watermelon Kiran', 'lineTotal': 135, 'unitPrice': 45, 'updatedAt': '2026-05-21T19:21:26.715', 'quantityKg': 3, 'updatedDate': '2026-05-21', 'updatedTime': '19:21:26', 'displayMetric': 'kg'}]",False,False
TXN-20260521-192137-5313,2026-05-21T19:21:37.582+00:00,2026-05-21,19:21:37,180.0,1,"[{'icon': '🍌', 'soldAt': '2026-05-21T19:21:37.582', 'fruitId': 'banana_yelakki', 'soldDate': '2026-05-21', 'soldTime': '19:21:37', 'createdAt': '2026-05-21T19:21:34.662', 'fruitName': 'Yelakki Banana', 'lineTotal': 180, 'unitPrice': 90, 'updatedAt': '2026-05-21T19:21:36.492', 'quantityKg': 2, 'updatedDate': '2026-05-21', 'updatedTime': '19:21:36', 'displayMetric': 'kg'}]",False,False
TXN-20260522-080200-2887,2026-05-22T08:02:00.230915+00:00,2026-05-22,08:02:00,60.0,1,"[{'icon': '🥭', 'soldAt': '2026-05-22T08:02:00.230915', 'fruitId': 'custom_alphonso', 'soldDate': '2026-05-22', 'soldTime': '08:02:00', 'createdAt': '2026-05-22T08:01:59.081506', 'fruitName': 'Alphonso', 'lineTotal': 60.0, 'unitPrice': 120.0, 'updatedAt': '2026-05-22T08:01:59.081506', 'quantityKg': 0.5, 'updatedDate': '2026-05-22', 'updatedTime': '08:01:59', 'displayMetric': 'kg'}]",False,False
TXN-20260522-080248-7158,2026-05-22T08:02:48.495875+00:00,2026-05-22,08:02:48,60.0,1,"[{'icon': '🥭', 'soldAt': '2026-05-22T08:02:48.495875', 'fruitId': 'custom_alphonso', 'soldDate': '2026-05-22', 'soldTime': '08:02:48', 'createdAt': '2026-05-22T08:02:47.647675', 'fruitName': 'Alphonso', 'lineTotal': 60.0, 'unitPrice': 120.0, 'updatedAt': '2026-05-22T08:02:47.647675', 'quantityKg': 0.5, 'updatedDate': '2026-05-22', 'updatedTime': '08:02:47', 'displayMetric': 'kg'}]",False,False
TXN-20260522-080253-2183,2026-05-22T08:02:53.656311+00:00,2026-05-22,08:02:53,60.0,1,"[{'icon': '🍌', 'soldAt': '2026-05-22T08:02:53.656311', 'fruitId': 'banana_big', 'soldDate': '2026-05-22', 'soldTime': '08:02:53', 'createdAt': '2026-05-22T08:02:51.197696', 'fruitName': 'Banana', 'lineTotal': 60.0, 'unitPrice': 40.0, 'updatedAt': '2026-05-22T08:02:53.101633', 'quantityKg': 1.5, 'updatedDate': '2026-05-22', 'updatedTime': '08:02:53', 'displayMetric': 'kg'}]",False,False
TXN-20260522-080300-1906,2026-05-22T08:03:00.984592+00:00,2026-05-22,08:03:00,300.0,1,"[{'icon': '🥭', 'soldAt': '2026-05-22T08:03:00.984592', 'fruitId': 'custom_chakkara_kutty', 'soldDate': '2026-05-22', 'soldTime': '08:03:00', 'createdAt': '2026-05-22T08:02:55.281417', 'fruitName': 'Chakkara Kutty', 'lineTotal': 300.0, 'unitPrice': 200.0, 'updatedAt': '2026-05-22T08:03:00.084544', 'quantityKg': 1.5, 'updatedDate': '2026-05-22', 'updatedTime': '08:03:00', 'displayMetric': 'kg'}]",False,False
TXN-20260522-080311-9476,2026-05-22T08:03:11.705365+00:00,2026-05-22,08:03:11,365.0,3,"[{'icon': '🍊', 'soldAt': '2026-05-22T08:03:11.705365', 'fruitId': 'orange_mandarin', 'soldDate': '2026-05-22', 'soldTime': '08:03:11', 'createdAt': '2026-05-22T08:03:06.620612', 'fruitName': 'Mandarin Orange', 'lineTotal': 210.0, 'unitPrice': 140.0, 'updatedAt': '2026-05-22T08:03:07.871339', 'quantityKg': 1.5, 'updatedDate': '2026-05-22', 'updatedTime': '08:03:07', 'displayMetric': 'kg'}, {'icon': '🥭', 'soldAt': '2026-05-22T08:03:11.705365', 'fruitId': 'papaya', 'soldDate': '2026-05-22', 'soldTime': '08:03:11', 'createdAt': '2026-05-22T08:03:03.271630', 'fruitName': 'Papaya', 'lineTotal': 50.0, 'unitPrice': 50.0, 'updatedAt': '2026-05-22T08:03:04.336639', 'quantityKg': 1.0, 'updatedDate': '2026-05-22', 'updatedTime': '08:03:04', 'displayMetric': 'kg'}, {'icon': '🍉', 'soldAt': '2026-05-22T08:03:11.705365', 'fruitId': 'watermelon', 'soldDate': '2026-05-22', 'soldTime': '08:03:11', 'createdAt': '2026-05-22T08:03:09.839089', 'fruitName': 'Watermelon', 'lineTotal': 105.0, 'unitPrice': 35.0, 'updatedAt': '2026-05-22T08:03:11.221740', 'quantityKg': 3.0, 'updatedDate': '2026-05-22', 'updatedTime': '08:03:11', 'displayMetric': 'kg'}]",False,False
TXN-20260603-111303-1007,2026-06-03T11:13:03.521+00:00,2026-06-03,11:13:03,264.0,2,"[{'icon': '🍊', 'soldAt': '2026-06-03T11:13:03.521', 'fruitId': 'orange_nagpur', 'soldDate': '2026-06-03', 'soldTime': '11:13:03', 'createdAt': '2026-06-03T11:12:58.093', 'fruitName': 'Nagpur Orange', 'lineTotal': 39, 'unitPrice': 130, 'updatedAt': '2026-06-03T11:12:58.093', 'quantityKg': 0.3, 'updatedDate': '2026-06-03', 'updatedTime': '11:12:58', 'displayMetric': 'kg'}, {'icon': '🥭', 'soldAt': '2026-06-03T11:13:03.521', 'fruitId': 'custom_raspoori_mangoes', 'soldDate': '2026-06-03', 'soldTime': '11:13:03', 'createdAt': '2026-06-03T11:12:11.716', 'fruitName': 'Raspoori Mangoes', 'lineTotal': 225, 'unitPrice': 150, 'updatedAt': '2026-06-03T11:12:33.209', 'quantityKg': 1.5, 'updatedDate': '2026-06-03', 'updatedTime': '11:12:33', 'displayMetric': 'kg'}]",False,False
TXN-20260603-135948-1245,2026-06-03T13:59:48.969+00:00,2026-06-03,13:59:48,160.0,1,"[{'icon': '🍋', 'soldAt': '2026-06-03T13:59:48.969', 'fruitId': 'musambi', 'soldDate': '2026-06-03', 'soldTime': '13:59:48', 'createdAt': '2026-06-03T13:59:45.457', 'fruitName': 'Musambi', 'lineTotal': 160, 'unitPrice': 80, 'updatedAt': '2026-06-03T13:59:47.686', 'quantityKg': 2, 'updatedDate': '2026-06-03', 'updatedTime': '13:59:47', 'displayMetric': 'kg'}]",False,False
TXN-20260724-195020-3242,2026-07-24T19:50:20.776+00:00,2026-07-24,19:50:20,220.0,1,"[{'icon': '🍎', 'soldAt': '2026-07-24T19:50:20.776', 'fruitId': 'apple_poland', 'soldDate': '2026-07-24', 'soldTime': '19:50:20', 'createdAt': '2026-07-24T19:50:18.537', 'fruitName': 'Apple Poland', 'lineTotal': 220, 'unitPrice': 220, 'updatedAt': '2026-07-24T19:50:19.736', 'quantityKg': 1, 'updatedDate': '2026-07-24', 'updatedTime': '19:50:19', 'displayMetric': 'kg'}]",False,False
TXN-20260724-195359-4100,2026-07-24T19:53:59.292+00:00,2026-07-24,19:53:59,270.0,2,"[{'icon': '🍎', 'soldAt': '2026-07-24T19:53:59.292', 'fruitId': 'apple_poland', 'soldDate': '2026-07-24', 'soldTime': '19:53:59', 'createdAt': '2026-07-24T19:53:42.754', 'fruitName': 'Apple Poland', 'lineTotal': 220, 'unitPrice': 220, 'updatedAt': '2026-07-24T19:53:43.735', 'quantityKg': 1, 'updatedDate': '2026-07-24', 'updatedTime': '19:53:43', 'displayMetric': 'kg'}, {'icon': '🍇', 'soldAt': '2026-07-24T19:53:59.292', 'fruitId': 'grapes_black', 'soldDate': '2026-07-24', 'soldTime': '19:53:59', 'createdAt': '2026-07-24T19:53:58.575', 'fruitName': 'Black Grapes', 'lineTotal': 50, 'unitPrice': 100, 'updatedAt': '2026-07-24T19:53:58.575', 'quantityKg': 0.5, 'updatedDate': '2026-07-24', 'updatedTime': '19:53:58', 'displayMetric': 'kg'}]",False,False
